profileUrl,username,fullName,imgUrl,id,isPrivate,isVerified,query,timestamp
https://www.instagram.com/ben_peacock4,ben_peacock4,ben,https://scontent-cdg2-1.cdninstagram.com/v/t51.2885-19/s150x150/118403327_342527740209784_6456725749365614476_n.jpg?_nc_ht=scontent-cdg2-1.cdninstagram.com&_nc_cat=104&_nc_ohc=-6obj6aOJPgAX9buodP&edm=ALB854YBAAAA&ccb=7-4&oh=00_AT_WC0LTIk7Ayl0ZEZRZI9W4CAYXT80aJlueFMaDcVs67Q&oe=61DB45E6&_nc_sid=04cb80,2216559244,true,false,https://www.instagram.com/calum.walla/following/,2022-01-04T21:50:21.549Z
https://www.instagram.com/jessica_leask,jessica_leask,jessica üíå,https://scontent-cdg2-1.cdninstagram.com/v/t51.2885-19/s150x150/269986465_595297561774739_6454307483698683791_n.jpg?_nc_ht=scontent-cdg2-1.cdninstagram.com&_nc_cat=111&_nc_ohc=aXOqLzqoFb8AX8tNLTp&edm=ALB854YBAAAA&ccb=7-4&oh=00_AT9wHKeNp0G2OllkMnFbCXrmyfTGun5OTZgq_cpcwOcR3w&oe=61DB6F37&_nc_sid=04cb80,4330377461,true,false,https://www.instagram.com/calum.walla/following/,2022-01-04T21:50:21.549Z
https://www.instagram.com/phoebeglyn,phoebeglyn,phoebe,https://scontent-cdg2-1.cdninstagram.com/v/t51.2885-19/s150x150/242210740_865629263930272_3019496001658933115_n.jpg?_nc_ht=scontent-cdg2-1.cdninstagram.com&_nc_cat=104&_nc_ohc=mQ2r-CfQZ8IAX_KlSeV&edm=ALB854YBAAAA&ccb=7-4&oh=00_AT_Zy9pfGy8PxlWcdUJp1UO_HEPuTtt96_MWWilumGkbbw&oe=61DC73C6&_nc_sid=04cb80,7688428850,true,false,https://www.instagram.com/calum.walla/following/,2022-01-04T21:50:21.549Z
https://www.instagram.com/nicolayedsonaasen,nicolayedsonaasen,Nicolay Edson Aasen,https://scontent-cdg2-1.cdninstagram.com/v/t51.2885-19/s150x150/44000258_498709163980156_4064772880183853056_n.jpg?_nc_ht=scontent-cdg2-1.cdninstagram.com&_nc_cat=104&_nc_ohc=USHl8AD4GyYAX9Q3HAS&edm=ALB854YBAAAA&ccb=7-4&oh=00_AT8Fc2vupmfUZ2PVL0aNONUMsstnRmQpZTl3V_WHHCYymw&oe=61DC2A0A&_nc_sid=04cb80,8971237379,false,false,https://www.instagram.com/calum.walla/following/,2022-01-04T21:50:21.549Z
https://www.instagram.com/harryhaley16,harryhaley16,Harry Haley,https://scontent-cdg2-1.cdninstagram.com/v/t51.2885-19/s150x150/117252094_166446991615816_7245164789625411407_n.jpg?_nc_ht=scontent-cdg2-1.cdninstagram.com&_nc_cat=104&_nc_ohc=YN5m0g0yj4wAX8v2gvV&edm=ALB854YBAAAA&ccb=7-4&oh=00_AT-IbJicEcNnfNFUapK_yZe_vjIP93b9VnBhbOkGLNQDBQ&oe=61DBC549&_nc_sid=04cb80,3627379841,true,false,https://www.instagram.com/calum.walla/following/,2022-01-04T21:50:21.549Z
https://www.instagram.com/summeradamsx,summeradamsx,ü§çsummer,https://scontent-cdg2-1.cdninstagram.com/v/t51.2885-19/s150x150/268139107_301221021885695_4155623822448280118_n.jpg?_nc_ht=scontent-cdg2-1.cdninstagram.com&_nc_cat=111&_nc_ohc=8L6KZIxjlbgAX9gDQ06&edm=ALB854YBAAAA&ccb=7-4&oh=00_AT85-peOUq-bHWp0VtAhPfV6bMGGPjK4nMOyRRfkF6JIhg&oe=61DBDB98&_nc_sid=04cb80,1798742249,true,false,https://www.instagram.com/calum.walla/following/,2022-01-04T21:50:21.549Z
https://www.instagram.com/victoria.05x,victoria.05x,VictoriaüçÇ,https://scontent-cdg2-1.cdninstagram.com/v/t51.2885-19/s150x150/263230127_431769238439820_1754691992996122954_n.jpg?_nc_ht=scontent-cdg2-1.cdninstagram.com&_nc_cat=100&_nc_ohc=eK0g8HUWAh4AX8FB8cD&edm=ALB854YBAAAA&ccb=7-4&oh=00_AT-mJg3v-lZ1P1XqAc7Q_4IXHWqlXSYTU6aU0wP_6vvDTg&oe=61DBE177&_nc_sid=04cb80,2357274351,true,false,https://www.instagram.com/calum.walla/following/,2022-01-04T21:50:21.549Z
https://www.instagram.com/jdbeansx,jdbeansx,JD,https://scontent-cdt1-1.cdninstagram.com/v/t51.2885-19/s150x150/240335063_379175270444517_4092024310625659680_n.jpg?_nc_ht=scontent-cdt1-1.cdninstagram.com&_nc_cat=109&_nc_ohc=8gfnx0AxRckAX8fijB9&edm=ALB854YBAAAA&ccb=7-4&oh=00_AT8hW6Q_AoyKCH4mWYc10c8AZYuWQy82eEbENjQsyv2WMQ&oe=61DB2D2D&_nc_sid=04cb80,6006771680,true,false,https://www.instagram.com/calum.walla/following/,2022-01-04T21:50:21.549Z
https://www.instagram.com/bsingh_16,bsingh_16,,https://instagram.fbrs4-2.fna.fbcdn.net/v/t51.2885-19/44884218_345707102882519_2446069589734326272_n.jpg?_nc_ht=instagram.fbrs4-2.fna.fbcdn.net&_nc_cat=1&_nc_ohc=_kdA2tN_FSUAX-DByRE&edm=AJ9x6zYBAAAA&ccb=7-4&ig_cache_key=YW5vbnltb3VzX3Byb2ZpbGVfcGlj.2-ccb7-4&oh=00_AT-dD-dm02SpvFdVIeGAYjhBExbcLaedL6dUPUH1SoBmpQ&oe=61DB968F&_nc_sid=cff2a4,3861405962,true,false,https://www.instagram.com/calum.walla/following/,2022-01-04T21:50:21.549Z
https://www.instagram.com/_.logan.f._,_.logan.f._,Single,https://scontent-cdt1-1.cdninstagram.com/v/t51.2885-19/s150x150/19534644_331478887285313_8138206411596234752_a.jpg?_nc_ht=scontent-cdt1-1.cdninstagram.com&_nc_cat=105&_nc_ohc=FCK5suQ6n64AX8VCG0C&edm=ALB854YBAAAA&ccb=7-4&oh=00_AT--E-Q8IzMkzyHKlsRGig4h0RhEojLMRIAaKldaNejV1Q&oe=61DAD159&_nc_sid=04cb80,2094956989,true,false,https://www.instagram.com/calum.walla/following/,2022-01-04T21:50:21.549Z
https://www.instagram.com/e.gallagher58,e.gallagher58,Edward Gallagher,https://scontent-cdg2-1.cdninstagram.com/v/t51.2885-19/s150x150/165014593_262463918890776_4451144165403129061_n.jpg?_nc_ht=scontent-cdg2-1.cdninstagram.com&_nc_cat=100&_nc_ohc=C0YRZyyDhcsAX-NzR95&edm=ALB854YBAAAA&ccb=7-4&oh=00_AT8z1ZhUYiYxAjbpSq8i8-Nvy5aQbU0MIcYTX7MqDSLA1g&oe=61DABA2E&_nc_sid=04cb80,1791227580,true,false,https://www.instagram.com/calum.walla/following/,2022-01-04T21:50:21.549Z
https://www.instagram.com/emmalaurenxx,emmalaurenxx,Emma Skelly,https://scontent-cdt1-1.cdninstagram.com/v/t51.2885-19/s150x150/135115248_212901863786973_3526609203826524386_n.jpg?_nc_ht=scontent-cdt1-1.cdninstagram.com&_nc_cat=109&_nc_ohc=seJoxYuf47wAX-E6NEE&edm=ALB854YBAAAA&ccb=7-4&oh=00_AT_sNwc3g4IB_SsnX-NO3i5XMS_lvycS4Orx3VbfsH2s7Q&oe=61DABBF9&_nc_sid=04cb80,2083259044,true,false,https://www.instagram.com/calum.walla/following/,2022-01-04T21:50:21.549Z
https://www.instagram.com/shaqer_123,shaqer_123,sameerhaq,https://scontent-cdt1-1.cdninstagram.com/v/t51.2885-19/s150x150/269593726_862137344464925_1172839020906482427_n.jpg?_nc_ht=scontent-cdt1-1.cdninstagram.com&_nc_cat=105&_nc_ohc=b12X26Elai4AX-jLbSx&edm=ALB854YBAAAA&ccb=7-4&oh=00_AT-Q0b6Odh10e2DkOeAHh4jKpD0AMcB41y251VHQ-1yLFg&oe=61DAD229&_nc_sid=04cb80,8181831041,true,false,https://www.instagram.com/calum.walla/following/,2022-01-04T21:50:21.549Z
https://www.instagram.com/gecrgewillis,gecrgewillis,George,https://scontent-cdg2-1.cdninstagram.com/v/t51.2885-19/s150x150/221416803_552492559255435_9169457378002822671_n.jpg?_nc_ht=scontent-cdg2-1.cdninstagram.com&_nc_cat=107&_nc_ohc=DKbELd-uvmMAX-nlsB-&edm=ALB854YBAAAA&ccb=7-4&oh=00_AT-jz22rMe2yadDfcFFMU-MQMUcGtAzEG32cvqeWY-kBVA&oe=61DB8E07&_nc_sid=04cb80,11147998103,true,false,https://www.instagram.com/calum.walla/following/,2022-01-04T21:50:21.549Z
https://www.instagram.com/ruthwallace79,ruthwallace79,Ruth,https://scontent-cdg2-1.cdninstagram.com/v/t51.2885-19/s150x150/152637765_250147066650271_6197357163572454578_n.jpg?_nc_ht=scontent-cdg2-1.cdninstagram.com&_nc_cat=107&_nc_ohc=kN7ev9OFUsEAX_yiCWV&edm=ALB854YBAAAA&ccb=7-4&oh=00_AT8M6gzMnS2AZRcjWyIbJ0iswt5o1Y0TF9SDoD_7eUbGow&oe=61DB9118&_nc_sid=04cb80,2058851095,true,false,https://www.instagram.com/calum.walla/following/,2022-01-04T21:50:21.549Z
https://www.instagram.com/luis_white0204,luis_white0204,,https://scontent-cdg2-1.cdninstagram.com/v/t51.2885-19/s150x150/251222043_952857848658707_769278827884058734_n.jpg?_nc_ht=scontent-cdg2-1.cdninstagram.com&_nc_cat=111&_nc_ohc=6LfGhoH44xcAX_yUz7g&edm=ALB854YBAAAA&ccb=7-4&oh=00_AT88BKldn1BgCMI9EHUb6vyhkR26JagskrUpYNb8ZWYNyw&oe=61DC7FA9&_nc_sid=04cb80,7378914693,true,false,https://www.instagram.com/calum.walla/following/,2022-01-04T21:50:21.549Z
https://www.instagram.com/0wenswanson,0wenswanson,Owen Swanson,https://scontent-cdg2-1.cdninstagram.com/v/t51.2885-19/s150x150/262522823_242359044517316_5887237381412310722_n.jpg?_nc_ht=scontent-cdg2-1.cdninstagram.com&_nc_cat=108&_nc_ohc=IKX0sI4DfD0AX9HFdiW&edm=ALB854YBAAAA&ccb=7-4&oh=00_AT_rTMX-QxJ2IkuIW3rVs-qqFX-J0AMBfsjqNioH6wCZCg&oe=61DBD523&_nc_sid=04cb80,7367010589,true,false,https://www.instagram.com/calum.walla/following/,2022-01-04T21:50:21.549Z
https://www.instagram.com/fraser_kinnon,fraser_kinnon,FK,https://scontent-cdg2-1.cdninstagram.com/v/t51.2885-19/s150x150/244717404_556802675556012_3688511272198106421_n.jpg?_nc_ht=scontent-cdg2-1.cdninstagram.com&_nc_cat=100&_nc_ohc=X16M-UoVXvMAX9uVBxS&edm=ALB854YBAAAA&ccb=7-4&oh=00_AT9zFY3laFLRI9u9BViTq_aUk1NUZmefFnFjN5uk-PQtFA&oe=61DC8EFB&_nc_sid=04cb80,7555261070,true,false,https://www.instagram.com/calum.walla/following/,2022-01-04T21:50:21.549Z
https://www.instagram.com/sammyk3062,sammyk3062,Sammy,https://scontent-cdt1-1.cdninstagram.com/v/t51.2885-19/s150x150/257764246_271995664732117_2142012032054290067_n.jpg?_nc_ht=scontent-cdt1-1.cdninstagram.com&_nc_cat=101&_nc_ohc=_6PRxfWGMyAAX9akY4x&edm=ALB854YBAAAA&ccb=7-4&oh=00_AT_sJnBQsX7lp_vy-BTdszzADcRE4e-Kf5RInMx_2gZhZw&oe=61DBC542&_nc_sid=04cb80,6491907927,true,false,https://www.instagram.com/calum.walla/following/,2022-01-04T21:50:21.549Z
https://www.instagram.com/georgiieep,georgiieep,georgiep,https://scontent-cdt1-1.cdninstagram.com/v/t51.2885-19/s150x150/134963672_1974295132711414_7621470087900783628_n.jpg?_nc_ht=scontent-cdt1-1.cdninstagram.com&_nc_cat=110&_nc_ohc=r4MPSaM7GmAAX-2nGnG&edm=ALB854YBAAAA&ccb=7-4&oh=00_AT-z3TFmIfTYB2eBPPbgJfItWHhg9teFPzDn6_A4vUdKXg&oe=61DC5A2D&_nc_sid=04cb80,5547490448,true,false,https://www.instagram.com/calum.walla/following/,2022-01-04T21:50:21.549Z
https://www.instagram.com/keelanandersonw,keelanandersonw,Keelanandersonwhaling,https://scontent-cdt1-1.cdninstagram.com/v/t51.2885-19/s150x150/255060743_324276589052633_3292716323862863122_n.jpg?_nc_ht=scontent-cdt1-1.cdninstagram.com&_nc_cat=105&_nc_ohc=bc8BcqAYNZoAX__ZSRY&edm=ALB854YBAAAA&ccb=7-4&oh=00_AT8uQwrZ01B29TYKYfKXMYROdwQxOcTmUbQZNO22h2FKoQ&oe=61DAC170&_nc_sid=04cb80,8297192604,true,false,https://www.instagram.com/calum.walla/following/,2022-01-04T21:50:21.549Z
https://www.instagram.com/mattjupp_,mattjupp_,Matthew Jupp,https://scontent-cdt1-1.cdninstagram.com/v/t51.2885-19/s150x150/266594827_587392709253697_876772843219208949_n.jpg?_nc_ht=scontent-cdt1-1.cdninstagram.com&_nc_cat=101&_nc_ohc=_rkpSyF3CyMAX9FjfHS&edm=ALB854YBAAAA&ccb=7-4&oh=00_AT8NZVqdbXZxhr2DCJ_3Udfg0CATv5SCweZKnjtf1IaOIA&oe=61DAE572&_nc_sid=04cb80,22146260422,true,false,https://www.instagram.com/calum.walla/following/,2022-01-04T21:50:21.549Z
https://www.instagram.com/unwanted_boy.x,unwanted_boy.x,Yuting Duü•¢,https://instagram.fbrs4-2.fna.fbcdn.net/v/t51.2885-19/44884218_345707102882519_2446069589734326272_n.jpg?_nc_ht=instagram.fbrs4-2.fna.fbcdn.net&_nc_cat=1&_nc_ohc=_kdA2tN_FSUAX-DByRE&edm=AJ9x6zYBAAAA&ccb=7-4&ig_cache_key=YW5vbnltb3VzX3Byb2ZpbGVfcGlj.2-ccb7-4&oh=00_AT-dD-dm02SpvFdVIeGAYjhBExbcLaedL6dUPUH1SoBmpQ&oe=61DB968F&_nc_sid=cff2a4,2123226701,true,false,https://www.instagram.com/calum.walla/following/,2022-01-04T21:50:21.549Z
https://www.instagram.com/laurenxblyth,laurenxblyth,lauren blyth üéÄ,https://scontent-cdt1-1.cdninstagram.com/v/t51.2885-19/s150x150/245223538_933411260604389_6822259466834202113_n.jpg?_nc_ht=scontent-cdt1-1.cdninstagram.com&_nc_cat=105&_nc_ohc=d84q6ML8HXMAX8yzL5d&edm=ALB854YBAAAA&ccb=7-4&oh=00_AT97saMTO38KGMB0f-a-9t1ppn-a93_tmmG1WWS5ocVhAQ&oe=61DBF482&_nc_sid=04cb80,7211882479,true,false,https://www.instagram.com/calum.walla/following/,2022-01-04T21:50:21.549Z
https://www.instagram.com/ktw47,ktw47,üá∫üá∏Katieüá¨üáß,https://scontent-cdt1-1.cdninstagram.com/v/t51.2885-19/s150x150/70245645_378344816414163_2448668306941411328_n.jpg?_nc_ht=scontent-cdt1-1.cdninstagram.com&_nc_cat=103&_nc_ohc=64jbKAX12u0AX-aG-tN&edm=ALB854YBAAAA&ccb=7-4&oh=00_AT_nJXMN8Pvu4NlVzZm9_8BCrcVsCdqnGfAI0FKOidfDnA&oe=61DBC6A1&_nc_sid=04cb80,3277794598,true,false,https://www.instagram.com/calum.walla/following/,2022-01-04T21:50:21.549Z
https://www.instagram.com/cloudy.441,cloudy.441,cloudy,https://scontent-cdg2-1.cdninstagram.com/v/t51.2885-19/s150x150/271239947_385899453305016_5908329906128597242_n.jpg?_nc_ht=scontent-cdg2-1.cdninstagram.com&_nc_cat=100&_nc_ohc=64cx8SigM5wAX-W4-gk&edm=ALB854YBAAAA&ccb=7-4&oh=00_AT9GtChwdK_xnWsCv2xDEaqn5Yn17nzGwUjPsycmHn99gw&oe=61DB4FEE&_nc_sid=04cb80,42261374538,true,false,https://www.instagram.com/calum.walla/following/,2022-01-04T21:50:21.549Z
https://www.instagram.com/182388277282838394949ll,182388277282838394949ll,,https://instagram.fbrs4-2.fna.fbcdn.net/v/t51.2885-19/44884218_345707102882519_2446069589734326272_n.jpg?_nc_ht=instagram.fbrs4-2.fna.fbcdn.net&_nc_cat=1&_nc_ohc=_kdA2tN_FSUAX-DByRE&edm=AJ9x6zYBAAAA&ccb=7-4&ig_cache_key=YW5vbnltb3VzX3Byb2ZpbGVfcGlj.2-ccb7-4&oh=00_AT-dD-dm02SpvFdVIeGAYjhBExbcLaedL6dUPUH1SoBmpQ&oe=61DB968F&_nc_sid=cff2a4,48504847291,false,false,https://www.instagram.com/calum.walla/following/,2022-01-04T21:50:21.549Z
https://www.instagram.com/sophieecruickshank,sophieecruickshank,sophie <3,https://scontent-cdt1-1.cdninstagram.com/v/t51.2885-19/s150x150/270172551_343520847681277_464933515630018718_n.jpg?_nc_ht=scontent-cdt1-1.cdninstagram.com&_nc_cat=101&_nc_ohc=ant_toF-Q54AX-IE3-i&edm=ALB854YBAAAA&ccb=7-4&oh=00_AT8If5ffuMeTRxRy30YG356iEZRmJlGzQhx0VO_KX5gdlA&oe=61DC9B1A&_nc_sid=04cb80,2276782218,true,false,https://www.instagram.com/calum.walla/following/,2022-01-04T21:50:21.549Z
https://www.instagram.com/vvictoriaragonesi,vvictoriaragonesi,,https://scontent-cdg2-1.cdninstagram.com/v/t51.2885-19/s150x150/72745998_2413659058910234_5944710658695102464_n.jpg?_nc_ht=scontent-cdg2-1.cdninstagram.com&_nc_cat=102&_nc_ohc=aGp9InpZIa4AX9tn34B&edm=ALB854YBAAAA&ccb=7-4&oh=00_AT-SXgq2rZMyManBxBuB8B4KGR2UoMpRalvqf1Hkkyq6-A&oe=61DAB816&_nc_sid=04cb80,1632594713,false,false,https://www.instagram.com/calum.walla/following/,2022-01-04T21:50:21.549Z
https://www.instagram.com/_arthur_conlin_,_arthur_conlin_,Arthur Conlin,https://scontent-cdg2-1.cdninstagram.com/v/t51.2885-19/s150x150/119897144_1393989877659071_3461947004357658543_n.jpg?_nc_ht=scontent-cdg2-1.cdninstagram.com&_nc_cat=111&_nc_ohc=6kXBnOBFhVkAX_MVtqv&edm=ALB854YBAAAA&ccb=7-4&oh=00_AT_vPCttzGqwxW1BEZF5pn99sEVYbCOqgV7GAxYgeU-aJg&oe=61DC4E4C&_nc_sid=04cb80,5479420848,true,false,https://www.instagram.com/calum.walla/following/,2022-01-04T21:50:21.549Z
https://www.instagram.com/fatima_jh2,fatima_jh2,Fatima,https://scontent-cdg2-1.cdninstagram.com/v/t51.2885-19/s150x150/267519613_236970155238760_4411031869391696260_n.jpg?_nc_ht=scontent-cdg2-1.cdninstagram.com&_nc_cat=104&_nc_ohc=ZRvmJNC5hJMAX_pbE-j&edm=ALB854YBAAAA&ccb=7-4&oh=00_AT_BzfW1gA7MvS0H0OjOLX3_8oXqaVw6Y3ov8KYbS12V7g&oe=61DAB31F&_nc_sid=04cb80,7613344751,true,false,https://www.instagram.com/calum.walla/following/,2022-01-04T21:50:21.549Z
https://www.instagram.com/froi_._,froi_._,Bruh,https://scontent-cdt1-1.cdninstagram.com/v/t51.2885-19/s150x150/163962739_3881174155305306_1265553664863416577_n.jpg?_nc_ht=scontent-cdt1-1.cdninstagram.com&_nc_cat=106&_nc_ohc=4xUD34TEU50AX95m3LQ&edm=ALB854YBAAAA&ccb=7-4&oh=00_AT-aqjzp2PKBPEBIGXkXkBNRcxBmNaxdrOhKymwYyQafhg&oe=61DC1A50&_nc_sid=04cb80,8465969202,true,false,https://www.instagram.com/calum.walla/following/,2022-01-04T21:50:21.549Z
https://www.instagram.com/hannahbaldingg,hannahbaldingg,hannah,https://scontent-cdg2-1.cdninstagram.com/v/t51.2885-19/s150x150/162148828_186606919679863_4046953853566925615_n.jpg?_nc_ht=scontent-cdg2-1.cdninstagram.com&_nc_cat=107&_nc_ohc=9o0FogTmjr0AX9byda-&edm=ALB854YBAAAA&ccb=7-4&oh=00_AT_gPHuiYbj3QG0RLzQo3Og-Pghntq9OGwMAEv0GbsKthQ&oe=61DBB2C3&_nc_sid=04cb80,4105569165,true,false,https://www.instagram.com/calum.walla/following/,2022-01-04T21:50:21.549Z
https://www.instagram.com/e.m_04_,e.m_04_,Eden,https://scontent-cdg2-1.cdninstagram.com/v/t51.2885-19/s150x150/269894230_714360729543235_2604554934156247541_n.jpg?_nc_ht=scontent-cdg2-1.cdninstagram.com&_nc_cat=107&_nc_ohc=SN6mjDhGQ0oAX9Bi8Op&edm=ALB854YBAAAA&ccb=7-4&oh=00_AT_EXP0RJpwKetJ1naJrosKGWEZ1kMmGWGM68E3kP-L-FA&oe=61DB6E62&_nc_sid=04cb80,2306602471,true,false,https://www.instagram.com/calum.walla/following/,2022-01-04T21:50:21.549Z
https://www.instagram.com/luucymoffatt,luucymoffatt,lucüçíüçí,https://scontent-cdg2-1.cdninstagram.com/v/t51.2885-19/s150x150/242976508_239574151327720_5795659316155954988_n.jpg?_nc_ht=scontent-cdg2-1.cdninstagram.com&_nc_cat=104&_nc_ohc=8RgDnonpXT8AX9SM715&edm=ALB854YBAAAA&ccb=7-4&oh=00_AT_L33VA2UPS2sZrlKig3j1yhhCKoOTQ_3qR2xDfFah9VQ&oe=61DBAB2A&_nc_sid=04cb80,4763655919,true,false,https://www.instagram.com/calum.walla/following/,2022-01-04T21:50:21.549Z
https://www.instagram.com/jessicacacaca_,jessicacacaca_,jessicaca,https://scontent-cdg2-1.cdninstagram.com/v/t51.2885-19/s150x150/270182767_1126969388080924_7087461197249117597_n.jpg?_nc_ht=scontent-cdg2-1.cdninstagram.com&_nc_cat=104&_nc_ohc=Bz_mwuu2Rs8AX8gzEit&edm=ALB854YBAAAA&ccb=7-4&oh=00_AT8jK0DZN0drBDlwiMtBMSA2SN1x_oZDO-guzfOnpGxEBA&oe=61DBC581&_nc_sid=04cb80,9977144542,true,false,https://www.instagram.com/calum.walla/following/,2022-01-04T21:50:21.549Z
https://www.instagram.com/lucyslassorxx,lucyslassorxx,Lucy Slassor,https://scontent-cdg2-1.cdninstagram.com/v/t51.2885-19/s150x150/253501844_128727912857306_7881341907634954170_n.jpg?_nc_ht=scontent-cdg2-1.cdninstagram.com&_nc_cat=102&_nc_ohc=WPxErogt67sAX_0o2yu&edm=ALB854YBAAAA&ccb=7-4&oh=00_AT981PD0wn2wfYoyDz1j6Ht9LNdz8L4pfl__4g8I2LQlcA&oe=61DAC391&_nc_sid=04cb80,6748081057,true,false,https://www.instagram.com/calum.walla/following/,2022-01-04T21:50:21.549Z
https://www.instagram.com/emily_lily2005spam,emily_lily2005spam,emily lowry,https://scontent-cdt1-1.cdninstagram.com/v/t51.2885-19/s150x150/79380327_477069692950191_2561295900064350208_n.jpg?_nc_ht=scontent-cdt1-1.cdninstagram.com&_nc_cat=103&_nc_ohc=sp0q6r6wujIAX9r-86H&edm=ALB854YBAAAA&ccb=7-4&oh=00_AT-2ntYBa2ryOn0z7BVfcz4hc_hUCLb-q4qmubI9RgHqAg&oe=61DB72CF&_nc_sid=04cb80,27690285675,true,false,https://www.instagram.com/calum.walla/following/,2022-01-04T21:50:21.549Z
https://www.instagram.com/snaveailil,snaveailil,w‚Ç¨‚Ç¨üéè,https://scontent-cdg2-1.cdninstagram.com/v/t51.2885-19/s150x150/118472188_2910350209245136_4330835079559285830_n.jpg?_nc_ht=scontent-cdg2-1.cdninstagram.com&_nc_cat=104&_nc_ohc=IKQI0ojxz4oAX_0ncOH&edm=ALB854YBAAAA&ccb=7-4&oh=00_AT-pAICyJwCPnHzrhw0llOPSZ3vhtzoRmsyFITO7i9Cqog&oe=61DB0978&_nc_sid=04cb80,25151193692,true,false,https://www.instagram.com/calum.walla/following/,2022-01-04T21:50:21.549Z
https://www.instagram.com/_froi._.froi_,_froi._.froi_,Ye,https://scontent-cdg2-1.cdninstagram.com/v/t51.2885-19/s150x150/254873555_4777837385559644_8162099271871720689_n.jpg?_nc_ht=scontent-cdg2-1.cdninstagram.com&_nc_cat=108&_nc_ohc=97FE2g6kpxUAX-4oiYF&edm=ALB854YBAAAA&ccb=7-4&oh=00_AT9f6eOtLobiezbjmnu08Zj5kkl7ArRx1bVyYqgn_8qdsA&oe=61DB464E&_nc_sid=04cb80,2066553891,true,false,https://www.instagram.com/calum.walla/following/,2022-01-04T21:50:21.549Z
https://www.instagram.com/cj.rs_,cj.rs_,Cj R Sharp,https://scontent-cdt1-1.cdninstagram.com/v/t51.2885-19/s150x150/269607896_871130080218657_2049712427750632528_n.jpg?_nc_ht=scontent-cdt1-1.cdninstagram.com&_nc_cat=109&_nc_ohc=dLKyFtcvTeMAX8MqF23&edm=ALB854YBAAAA&ccb=7-4&oh=00_AT-vOK-Hiqd4rkc9mqsLoJVTvhlpTxb5yI2AvsvMr7qqMA&oe=61DB9B37&_nc_sid=04cb80,4631118907,true,false,https://www.instagram.com/calum.walla/following/,2022-01-04T21:50:21.549Z
https://www.instagram.com/necrowosis,necrowosis,Dumb Puppy :3,https://scontent-cdt1-1.cdninstagram.com/v/t51.2885-19/s150x150/172170389_727900721212437_3735168266724412833_n.jpg?_nc_ht=scontent-cdt1-1.cdninstagram.com&_nc_cat=109&_nc_ohc=Tsge1UjAc9QAX-hIvnK&edm=ALB854YBAAAA&ccb=7-4&oh=00_AT_0tfeYMUK6xwGAY1GVYVvELO8S1WhcNA4OAnsB7jGwtQ&oe=61DB5882&_nc_sid=04cb80,39885884565,false,false,https://www.instagram.com/calum.walla/following/,2022-01-04T21:50:21.549Z
https://www.instagram.com/sogarmama,sogarmama,janna,https://scontent-cdt1-1.cdninstagram.com/v/t51.2885-19/s150x150/244242414_567015721209675_8573768026715600085_n.jpg?_nc_ht=scontent-cdt1-1.cdninstagram.com&_nc_cat=103&_nc_ohc=rGUtDPiXTmAAX9hSMLw&edm=ALB854YBAAAA&ccb=7-4&oh=00_AT_M6FvHjRm56XY4NqcMsM_ws8BszBpMyVT97ZNqW1_B3A&oe=61DBAC84&_nc_sid=04cb80,30405264214,false,false,https://www.instagram.com/calum.walla/following/,2022-01-04T21:50:21.549Z
https://www.instagram.com/xox_becky_xox_,xox_becky_xox_,Becky Hush,https://scontent-cdt1-1.cdninstagram.com/v/t51.2885-19/s150x150/33369208_182137125832297_2622604530990186496_n.jpg?_nc_ht=scontent-cdt1-1.cdninstagram.com&_nc_cat=101&_nc_ohc=GAShFfzxEkwAX8DPfRg&edm=ALB854YBAAAA&ccb=7-4&oh=00_AT_PMtT9C4MQundBnuF2yhnv7OXHcbj38xJ4zfJSXkFHIg&oe=61DBC91D&_nc_sid=04cb80,4319044043,true,false,https://www.instagram.com/calum.walla/following/,2022-01-04T21:50:21.549Z
https://www.instagram.com/joya.rnm,joya.rnm,,https://scontent-cdg2-1.cdninstagram.com/v/t51.2885-19/s150x150/241303002_358697429327671_4208725637173764255_n.jpg?_nc_ht=scontent-cdg2-1.cdninstagram.com&_nc_cat=107&_nc_ohc=tsTX5kGFzTwAX-ZeJjQ&edm=ALB854YBAAAA&ccb=7-4&oh=00_AT9TRmfbwYAC1m3Z5lhPUZ61UFWzrugWvHmjhUgnqgDErg&oe=61DC380D&_nc_sid=04cb80,44708358178,true,false,https://www.instagram.com/calum.walla/following/,2022-01-04T21:50:21.549Z
https://www.instagram.com/carlosgarcia2005,carlosgarcia2005,Carlos Boria Garcia,https://scontent-cdt1-1.cdninstagram.com/v/t51.2885-19/s150x150/263055689_245800757647467_8591102007170739474_n.jpg?_nc_ht=scontent-cdt1-1.cdninstagram.com&_nc_cat=103&_nc_ohc=Hww7AxOiX2oAX8BQyyS&edm=ALB854YBAAAA&ccb=7-4&oh=00_AT9JrU8WfpMG9bA3E-vjA2uzsd1XGCkUPGu-mtXFjnbSeQ&oe=61DB4842&_nc_sid=04cb80,8528503613,true,false,https://www.instagram.com/calum.walla/following/,2022-01-04T21:50:21.549Z
https://www.instagram.com/akniet.alken,akniet.alken,Dauletbaevnaü¶ã,https://scontent-cdt1-1.cdninstagram.com/v/t51.2885-19/s150x150/269777558_882245789105085_7903334496883208886_n.jpg?_nc_ht=scontent-cdt1-1.cdninstagram.com&_nc_cat=109&_nc_ohc=oLFJTJwveWYAX94H8f4&edm=ALB854YBAAAA&ccb=7-4&oh=00_AT_fgBGPBpBbRDaZXU6Mbd6xO1eiiNudXfeyLmtRLfiwpw&oe=61DC659A&_nc_sid=04cb80,39299966219,true,false,https://www.instagram.com/calum.walla/following/,2022-01-04T21:50:21.549Z
https://www.instagram.com/cregsb1tch,cregsb1tch,,https://scontent-cdg2-1.cdninstagram.com/v/t51.2885-19/s150x150/240788834_1230348830722079_918563364594433261_n.jpg?_nc_ht=scontent-cdg2-1.cdninstagram.com&_nc_cat=111&_nc_ohc=W6dgoX-d49IAX-anx2X&edm=ALB854YBAAAA&ccb=7-4&oh=00_AT97AmZVYAzb-odVlHKidl0xNSAagyR8TC3LRArKbVFmHg&oe=61DACAEA&_nc_sid=04cb80,49016895974,true,false,https://www.instagram.com/calum.walla/following/,2022-01-04T21:50:21.549Z
https://www.instagram.com/ojasvi_kun,ojasvi_kun,Ojasvi Tiwari,https://scontent-cdt1-1.cdninstagram.com/v/t51.2885-19/s150x150/258074555_497956041246101_8861630325590721330_n.jpg?_nc_ht=scontent-cdt1-1.cdninstagram.com&_nc_cat=105&_nc_ohc=Rh3SM6b40doAX_ryNph&edm=ALB854YBAAAA&ccb=7-4&oh=00_AT_lUXYJNg27i2WH0IlpN8z1CEMTvsMj8wndDV6oSZRfXw&oe=61DB8A94&_nc_sid=04cb80,9729221240,true,false,https://www.instagram.com/calum.walla/following/,2022-01-04T21:50:21.549Z
https://www.instagram.com/madiwb.13,madiwb.13,madi,https://scontent-cdg2-1.cdninstagram.com/v/t51.2885-19/s150x150/254957318_576913903576055_67979368483598700_n.jpg?_nc_ht=scontent-cdg2-1.cdninstagram.com&_nc_cat=111&_nc_ohc=px9SJh2gpWgAX8gWzDv&edm=ALB854YBAAAA&ccb=7-4&oh=00_AT-eC3KZfwk89m9bLMMnGDv_vDvttH_2BpFv4JnCvViSTw&oe=61DB034B&_nc_sid=04cb80,7578898073,true,false,https://www.instagram.com/calum.walla/following/,2022-01-04T21:50:21.549Z
https://www.instagram.com/libby_summerson,libby_summerson,Libby üßÉ,https://scontent-cdg2-1.cdninstagram.com/v/t51.2885-19/s150x150/241796961_4246859208765599_5034187130843845273_n.jpg?_nc_ht=scontent-cdg2-1.cdninstagram.com&_nc_cat=111&_nc_ohc=fDh-_5H4Z9QAX96zky0&edm=ALB854YBAAAA&ccb=7-4&oh=00_AT-OeCKj22j6GCjAFbZx3H9KkXSjM90U1mJM49lJj49pVQ&oe=61DB346A&_nc_sid=04cb80,2071327124,false,false,https://www.instagram.com/calum.walla/following/,2022-01-04T21:50:21.549Z
https://www.instagram.com/manu.o_,manu.o_,Manu ü§ûüèæ,https://scontent-cdg2-1.cdninstagram.com/v/t51.2885-19/s150x150/243626097_1647079628956436_3376027291839330909_n.jpg?_nc_ht=scontent-cdg2-1.cdninstagram.com&_nc_cat=108&_nc_ohc=__LzcE6e218AX8DeuP6&edm=ALB854YBAAAA&ccb=7-4&oh=00_AT89r9drFBIxCNyzxnQUtmrsuXYWAPk_giyre_SC2aK_Pg&oe=61DB9B8E&_nc_sid=04cb80,3608775381,true,false,https://www.instagram.com/calum.walla/following/,2022-01-04T21:50:21.549Z
https://www.instagram.com/gart_art_18,gart_art_18,–ê–∫—Å–µ—Å—Å—É–∞—Ä—ãüîª–û–±–æ–¥–∫–∏üîª–°—É–º–æ—á–∫–∏,https://scontent-cdg2-1.cdninstagram.com/v/t51.2885-19/s150x150/152417925_486136389057763_923968562885913171_n.jpg?_nc_ht=scontent-cdg2-1.cdninstagram.com&_nc_cat=107&_nc_ohc=Yczuc9hYoIwAX-fKWE7&edm=ALB854YBAAAA&ccb=7-4&oh=00_AT9Kk-ro8ATOqjmRYp4rCbUpH7pBhpjpwuEyrTosA0SEBg&oe=61DC9666&_nc_sid=04cb80,43508524000,false,false,https://www.instagram.com/calum.walla/following/,2022-01-04T21:50:21.549Z
https://www.instagram.com/zahidarshaad8591,zahidarshaad8591,Muhammad Zahid,https://scontent-cdt1-1.cdninstagram.com/v/t51.2885-19/s150x150/227014207_565482668155846_4468310504424706060_n.jpg?_nc_ht=scontent-cdt1-1.cdninstagram.com&_nc_cat=110&_nc_ohc=fO7uaG5ktOYAX8BaXyK&edm=ALB854YBAAAA&ccb=7-4&oh=00_AT8f5OM222LWAOUO17YJ7iJKg6_55tShXMD21BsLxUkqCQ&oe=61DBCD02&_nc_sid=04cb80,44450510214,false,false,https://www.instagram.com/calum.walla/following/,2022-01-04T21:50:21.549Z
https://www.instagram.com/doth.em,doth.em,,https://scontent-cdg2-1.cdninstagram.com/v/t51.2885-19/s150x150/241736701_901914917406516_7590111605549926204_n.jpg?_nc_ht=scontent-cdg2-1.cdninstagram.com&_nc_cat=100&_nc_ohc=Phrq9znrTI8AX8sm4oJ&edm=ALB854YBAAAA&ccb=7-4&oh=00_AT-gTS6i5mf8RwU0LY3zzzNPi-9SB1fY5vux2j3F8_MqEA&oe=61DC9A45&_nc_sid=04cb80,49127013061,false,false,https://www.instagram.com/calum.walla/following/,2022-01-04T21:50:21.549Z
https://www.instagram.com/ah.fz.ko,ah.fz.ko,Star,https://scontent-cdg2-1.cdninstagram.com/v/t51.2885-19/s150x150/240743095_287245926539884_2050429814986409026_n.jpg?_nc_ht=scontent-cdg2-1.cdninstagram.com&_nc_cat=104&_nc_ohc=WCapVgURXy8AX9ykHjx&edm=ALB854YBAAAA&ccb=7-4&oh=00_AT-pJgSjjJGJw9hb_taQaFUUqxpnRNM5WRUoMO8L_ub4BA&oe=61DBC9C6&_nc_sid=04cb80,6830735713,false,false,https://www.instagram.com/calum.walla/following/,2022-01-04T21:50:21.549Z
https://www.instagram.com/thenatureofthebeast,thenatureofthebeast,,https://scontent-cdg2-1.cdninstagram.com/v/t51.2885-19/11930872_955474231160652_2016152679_a.jpg?_nc_ht=scontent-cdg2-1.cdninstagram.com&_nc_cat=100&_nc_ohc=LudPahE-fpMAX-qft1Y&edm=ALB854YBAAAA&ccb=7-4&oh=00_AT-JWcfA2jAySGFZStN6rqifvl18UtSIpDNOboZ3Kc94Xw&oe=61DC70B3&_nc_sid=04cb80,190609030,false,false,https://www.instagram.com/calum.walla/following/,2022-01-04T21:50:21.549Z
https://www.instagram.com/tomoe_724,tomoe_724,Tomoe,https://scontent-cdg2-1.cdninstagram.com/v/t51.2885-19/s150x150/240843634_962866911237820_7757174843770854853_n.jpg?_nc_ht=scontent-cdg2-1.cdninstagram.com&_nc_cat=104&_nc_ohc=ZyNZZO0L2mEAX-Lz7bD&edm=ALB854YBAAAA&ccb=7-4&oh=00_AT9VWMVF7LacZx_vsLUifZfZm7y5ZQFcYgxSFld21mG2_g&oe=61DC10AF&_nc_sid=04cb80,1007242946,true,false,https://www.instagram.com/calum.walla/following/,2022-01-04T21:50:21.549Z
https://www.instagram.com/alessandro_ios,alessandro_ios,Alessandro Chaparro,https://scontent-cdg2-1.cdninstagram.com/v/t51.2885-19/s150x150/242965136_601505987694120_7877545278719578651_n.jpg?_nc_ht=scontent-cdg2-1.cdninstagram.com&_nc_cat=100&_nc_ohc=y-09DjwmdkwAX8o5Lrg&edm=ALB854YBAAAA&ccb=7-4&oh=00_AT_vMJGpm2ts7TIzun8AmeamUntFLMFdWi6M16ja45EWxQ&oe=61DBCAAF&_nc_sid=04cb80,47121533968,false,false,https://www.instagram.com/calum.walla/following/,2022-01-04T21:50:21.549Z
https://www.instagram.com/_mr._vikky_,_mr._vikky_,vi Kky,https://scontent-cdg2-1.cdninstagram.com/v/t51.2885-19/s150x150/270237870_306489068062416_8505813872913671584_n.jpg?_nc_ht=scontent-cdg2-1.cdninstagram.com&_nc_cat=100&_nc_ohc=1oLd8ChbuKsAX8SP4N7&edm=ALB854YBAAAA&ccb=7-4&oh=00_AT_HRpRlCawnMBt3P-2jgUHHy0_4mN13C9O4_GcCs7EXmQ&oe=61DB0C91&_nc_sid=04cb80,48836264684,false,false,https://www.instagram.com/calum.walla/following/,2022-01-04T21:50:21.550Z
https://www.instagram.com/arvenngn,arvenngn,Arven Nguyen,https://scontent-cdg2-1.cdninstagram.com/v/t51.2885-19/s150x150/241367210_821400395217746_6540790292563544410_n.jpg?_nc_ht=scontent-cdg2-1.cdninstagram.com&_nc_cat=102&_nc_ohc=67AblcIKOv0AX92ZECq&edm=ALB854YBAAAA&ccb=7-4&oh=00_AT-A5OTd3htittE9dn45TaRB-8ILFhLCtegduw4fj4DIgA&oe=61DBC7F3&_nc_sid=04cb80,37027142,false,false,https://www.instagram.com/calum.walla/following/,2022-01-04T21:50:21.550Z
https://www.instagram.com/showr_oom11,showr_oom11,showr_oom11,https://scontent-cdt1-1.cdninstagram.com/v/t51.2885-19/s150x150/205230199_1001637930575214_6277532613672597556_n.jpg?_nc_ht=scontent-cdt1-1.cdninstagram.com&_nc_cat=106&_nc_ohc=1fphrVEslHgAX-LAxM3&edm=ALB854YBAAAA&ccb=7-4&oh=00_AT-MqqEs58ZmO4PzY7y8Ct8Pc_vbWPAo9UKEgmdr1_kLPQ&oe=61DBEB67&_nc_sid=04cb80,48124469445,false,false,https://www.instagram.com/calum.walla/following/,2022-01-04T21:50:21.550Z
https://www.instagram.com/chaechii_,chaechii_,‚†Ä‚†Ä‚†Ä‚†Ä‚†Ä‚†Ä‚†Ä‚†Ä‚†Ä‚†Ä‚†Ä‚†Ä,https://scontent-cdt1-1.cdninstagram.com/v/t51.2885-19/s150x150/270219084_116918597505510_956778127860936094_n.jpg?_nc_ht=scontent-cdt1-1.cdninstagram.com&_nc_cat=106&_nc_ohc=SiKVqAyfmbQAX-fy8-C&edm=ALB854YBAAAA&ccb=7-4&oh=00_AT9i3ltuLFay_RkbK70dPSefOEOaMp1ui8TAqUtduOyIqQ&oe=61DB610A&_nc_sid=04cb80,5812669558,true,false,https://www.instagram.com/calum.walla/following/,2022-01-04T21:50:21.550Z
https://www.instagram.com/frank_norfolk,frank_norfolk,Berlin - NewYork,https://scontent-cdg2-1.cdninstagram.com/v/t51.2885-19/s150x150/23280006_188313761735244_3556329768305557504_n.jpg?_nc_ht=scontent-cdg2-1.cdninstagram.com&_nc_cat=100&_nc_ohc=PSXesFUl3BEAX_1pY2r&edm=ALB854YBAAAA&ccb=7-4&oh=00_AT8D98hdkYS9gM7e7LjUb0znZ8QWIxrHoIKRgyutmw7V9g&oe=61DBEDA1&_nc_sid=04cb80,55714614,false,false,https://www.instagram.com/calum.walla/following/,2022-01-04T21:50:21.550Z
https://www.instagram.com/insla1der,insla1der,–°–µ—Ä–≥–µ–∏ÃÜ –î–∞–Ω–∏–ª—é–∫,https://scontent-cdg2-1.cdninstagram.com/v/t51.2885-19/s150x150/241314495_608832793469240_4594192672634420018_n.jpg?_nc_ht=scontent-cdg2-1.cdninstagram.com&_nc_cat=108&_nc_ohc=LDmu0VHWduwAX9uyTgl&edm=ALB854YBAAAA&ccb=7-4&oh=00_AT9uBHR8BNy08nzoNgnFdmmvURlso-r_sU3ymFVMpunH0g&oe=61DAE38C&_nc_sid=04cb80,8112798584,false,false,https://www.instagram.com/calum.walla/following/,2022-01-04T21:50:21.550Z
https://www.instagram.com/this_space_is_blank__,this_space_is_blank__,Jewan,https://scontent-cdt1-1.cdninstagram.com/v/t51.2885-19/s150x150/87773915_203372924201691_1235636145161764864_n.jpg?_nc_ht=scontent-cdt1-1.cdninstagram.com&_nc_cat=103&_nc_ohc=_cj68vDSvEsAX-Qqpqv&edm=ALB854YBAAAA&ccb=7-4&oh=00_AT8oiSIfvBFFeyPIFbXbtWR1wItPrnO0_WgEXLt3KMwDhw&oe=61DC74FC&_nc_sid=04cb80,31234682262,false,false,https://www.instagram.com/calum.walla/following/,2022-01-04T21:50:21.550Z
https://www.instagram.com/evgeny_gulevich,evgeny_gulevich,–í–ï–î–£–©–ò–òÃÜ | –ì–û–ú–ï–õ–¨ | –ë–ï–õ–ê–†–£–°–¨,https://scontent-cdt1-1.cdninstagram.com/v/t51.2885-19/s150x150/240895616_1040626216341426_6449568536595701981_n.jpg?_nc_ht=scontent-cdt1-1.cdninstagram.com&_nc_cat=106&_nc_ohc=lEwQnuZMoxkAX9KSy_t&edm=ALB854YBAAAA&ccb=7-4&oh=00_AT_dds-xnxrq0-stSFgcZtJtJ0Rd1tojJucbCilddPEUcw&oe=61DC5D9B&_nc_sid=04cb80,1554136674,false,false,https://www.instagram.com/calum.walla/following/,2022-01-04T21:50:21.550Z
https://www.instagram.com/linda_p.fit,linda_p.fit,,https://scontent-cdg2-1.cdninstagram.com/v/t51.2885-19/s150x150/192296546_318927173074250_339112475354815765_n.jpg?_nc_ht=scontent-cdg2-1.cdninstagram.com&_nc_cat=102&_nc_ohc=zqX-QdW07aAAX_3adg4&edm=ALB854YBAAAA&ccb=7-4&oh=00_AT83bhmeJ8cwJkdnpKnjfzSGx7VsD8q5o9ZnQqVD43ZMeg&oe=61DBF42E&_nc_sid=04cb80,48244644184,false,false,https://www.instagram.com/calum.walla/following/,2022-01-04T21:50:21.550Z
https://www.instagram.com/heatherley77,heatherley77,Heatherley Peckham,https://scontent-cdg2-1.cdninstagram.com/v/t51.2885-19/20184066_1944145229160292_3218352860433481728_a.jpg?_nc_ht=scontent-cdg2-1.cdninstagram.com&_nc_cat=104&_nc_ohc=Ulg08imldKAAX9LzdcR&edm=ALB854YBAAAA&ccb=7-4&oh=00_AT_J4037ODKRbyY3-goMr1G19pdgOwOf46-wDrgLf7BSEQ&oe=61DBCAA6&_nc_sid=04cb80,5767821334,false,false,https://www.instagram.com/calum.walla/following/,2022-01-04T21:50:21.550Z
https://www.instagram.com/avto_nyasha,avto_nyasha,–ê–≤—Ç–æ –Ω—è—à–∫–∏,https://scontent-cdg2-1.cdninstagram.com/v/t51.2885-19/s150x150/239630617_363003978882692_4801573136030992634_n.jpg?_nc_ht=scontent-cdg2-1.cdninstagram.com&_nc_cat=108&_nc_ohc=PR2xPY_lIwQAX_1eBgD&edm=ALB854YBAAAA&ccb=7-4&oh=00_AT8XyLlGBFsHraaTiXfedgNhvRYhBqc67JQhPSpFD8l2bg&oe=61DB01BA&_nc_sid=04cb80,49263400978,false,false,https://www.instagram.com/calum.walla/following/,2022-01-04T21:50:21.550Z
https://www.instagram.com/dadomoto,dadomoto,Damir H.,https://scontent-cdg2-1.cdninstagram.com/v/t51.2885-19/s150x150/208951690_167012045407760_8600109157536056637_n.jpg?_nc_ht=scontent-cdg2-1.cdninstagram.com&_nc_cat=108&_nc_ohc=sTGfZp0IEgwAX8mxS7L&edm=ALB854YBAAAA&ccb=7-4&oh=00_AT-ufTDp6hhvXfXsNi9ygqpaKXuNbmopIm0ZXliB8z4gZg&oe=61DC71AF&_nc_sid=04cb80,180339653,true,false,https://www.instagram.com/calum.walla/following/,2022-01-04T21:50:21.550Z
https://www.instagram.com/kolt_marina,kolt_marina,–ú–∞—Ä–∏–Ω–∞ –ê–ª–µ–∫—Å–∞–Ω–¥—Ä–æ–≤–Ω–∞ –ö–æ–ª—å—Ç,https://scontent-cdt1-1.cdninstagram.com/v/t51.2885-19/s150x150/94701278_644602922761767_6797413627189002240_n.jpg?_nc_ht=scontent-cdt1-1.cdninstagram.com&_nc_cat=103&_nc_ohc=MBreSRhd5fcAX_AIE2u&edm=ALB854YBAAAA&ccb=7-4&oh=00_AT-CJkEH6TPFn9NnSyDSiyOV0ItWy4snmTD7gQPioiHP1w&oe=61DB733A&_nc_sid=04cb80,4474992033,true,false,https://www.instagram.com/calum.walla/following/,2022-01-04T21:50:21.550Z
https://www.instagram.com/kamilaturques,kamilaturques,Kamila Turques Peres,https://scontent-cdt1-1.cdninstagram.com/v/t51.2885-19/s150x150/241267216_133647595649163_8125168677377562564_n.jpg?_nc_ht=scontent-cdt1-1.cdninstagram.com&_nc_cat=103&_nc_ohc=lvPA0qLREq4AX8cTQBE&edm=ALB854YBAAAA&ccb=7-4&oh=00_AT9CfgoQTjMx-MaUEe3HzPLzA7lDhcHqMcwt_xKGtfih9g&oe=61DC2F4A&_nc_sid=04cb80,49147718006,false,false,https://www.instagram.com/calum.walla/following/,2022-01-04T21:50:21.550Z
https://www.instagram.com/freja_hattam,freja_hattam,Freja,https://scontent-cdg2-1.cdninstagram.com/v/t51.2885-19/s150x150/270011786_110801074692971_7564727927994798281_n.jpg?_nc_ht=scontent-cdg2-1.cdninstagram.com&_nc_cat=111&_nc_ohc=4fmTrmVdLUUAX81nlI4&edm=ALB854YBAAAA&ccb=7-4&oh=00_AT-UUgw-h3YmiVje4XT5844-qaUoEuPz8ynvwvOCUH0KSg&oe=61DB11D6&_nc_sid=04cb80,39382017829,true,false,https://www.instagram.com/calum.walla/following/,2022-01-04T21:50:21.550Z
https://www.instagram.com/reys_beauty,reys_beauty,Reys Beauty Lounge AÃàsthetik,https://scontent-cdt1-1.cdninstagram.com/v/t51.2885-19/s150x150/242335954_1006392956603206_7573845320566435881_n.jpg?_nc_ht=scontent-cdt1-1.cdninstagram.com&_nc_cat=110&_nc_ohc=BgRxvI_eBIQAX8amj7B&edm=ALB854YBAAAA&ccb=7-4&oh=00_AT9qK5eDvQaYWwU4aLCoyfUhB9hyRSuQbi1UvDadbOZ_fQ&oe=61DC20C3&_nc_sid=04cb80,1415523429,false,false,https://www.instagram.com/calum.walla/following/,2022-01-04T21:50:21.550Z
https://www.instagram.com/shreekant_prakash,shreekant_prakash,Shree Kant Prakash,https://scontent-cdg2-1.cdninstagram.com/v/t51.2885-19/s150x150/49858332_383586172212086_416000409052643328_n.jpg?_nc_ht=scontent-cdg2-1.cdninstagram.com&_nc_cat=102&_nc_ohc=_H3CTv4WSosAX-U_M9W&edm=ALB854YBAAAA&ccb=7-4&oh=00_AT-xHnsO9jSq-E011lqth-8g5kAqXaHFCiA3ySnGTrt50Q&oe=61DB5A93&_nc_sid=04cb80,1585769031,false,false,https://www.instagram.com/calum.walla/following/,2022-01-04T21:50:21.550Z
https://www.instagram.com/nata.lya719,nata.lya719,ùí´ùí∂ùìáùìâùìÉùëíùìá  ùí∑ùìáùëíùìÉùíπùí∂  ùí™ùìáùíæùíªùìÅùí∂ùìÇùëí,https://scontent-cdg2-1.cdninstagram.com/v/t51.2885-19/s150x150/240823754_305425904675378_8491900679460211404_n.jpg?_nc_ht=scontent-cdg2-1.cdninstagram.com&_nc_cat=102&_nc_ohc=tHOfPPiF5SUAX-tbVNc&edm=ALB854YBAAAA&ccb=7-4&oh=00_AT9ItTrV7N8aiPuQF4QoChG7L7oIvGeGRnpDcvMPKPtaQQ&oe=61DBD485&_nc_sid=04cb80,49468665155,false,false,https://www.instagram.com/calum.walla/following/,2022-01-04T21:50:21.550Z
https://www.instagram.com/sukh_official.0,sukh_official.0,üëä‚õµ  ‚ì¢ùï¶ùì¥ƒ¶  ‚ôïüíó,https://scontent-cdg2-1.cdninstagram.com/v/t51.2885-19/s150x150/201998439_154220186766683_8915908409530615557_n.jpg?_nc_ht=scontent-cdg2-1.cdninstagram.com&_nc_cat=111&_nc_ohc=Ka7LzcbQZ_0AX-_tKHq&edm=ALB854YBAAAA&ccb=7-4&oh=00_AT_RwGXC4TsQi_Kilh1rfKcveY9CVH4UfstIJZ4U9xKANw&oe=61DBEBAE&_nc_sid=04cb80,7466506375,false,false,https://www.instagram.com/calum.walla/following/,2022-01-04T21:50:21.550Z
https://www.instagram.com/unantastbar.95,unantastbar.95,UNANTASTBAR,https://scontent-cdg2-1.cdninstagram.com/v/t51.2885-19/s150x150/241499293_599501147719424_5010782878629952589_n.jpg?_nc_ht=scontent-cdg2-1.cdninstagram.com&_nc_cat=108&_nc_ohc=TOw_EHaZuLsAX8H3OYb&edm=ALB854YBAAAA&ccb=7-4&oh=00_AT9Liy6zPpvnyb67DeE_sJxia7oeQ0GnyoIhvF8Sni12wA&oe=61DBA616&_nc_sid=04cb80,49467030482,false,false,https://www.instagram.com/calum.walla/following/,2022-01-04T21:50:21.550Z
https://www.instagram.com/travel_around_europa,travel_around_europa,ML,https://scontent-cdt1-1.cdninstagram.com/v/t51.2885-19/s150x150/240705398_2097974110382817_876296851193810272_n.jpg?_nc_ht=scontent-cdt1-1.cdninstagram.com&_nc_cat=109&_nc_ohc=aQrkycZd6mEAX9xYD4b&edm=ALB854YBAAAA&ccb=7-4&oh=00_AT_Ztb1PzVXaqZccXJQghZWJlHiN7t3orv7VK8wYYLx2XQ&oe=61DB469A&_nc_sid=04cb80,49304361193,false,false,https://www.instagram.com/calum.walla/following/,2022-01-04T21:50:21.550Z
https://www.instagram.com/anhelika70,anhelika70,Anhelika,https://scontent-cdt1-1.cdninstagram.com/v/t51.2885-19/s150x150/270192874_603261267433373_432686618965220909_n.jpg?_nc_ht=scontent-cdt1-1.cdninstagram.com&_nc_cat=105&_nc_ohc=8pi6S8hiYLAAX_dKZ_2&edm=ALB854YBAAAA&ccb=7-4&oh=00_AT_Fu4PiDoDBxXtgl8vrUddeO_ci6uQKC4VfoyWdTDbcqA&oe=61DC0568&_nc_sid=04cb80,7781481174,false,false,https://www.instagram.com/calum.walla/following/,2022-01-04T21:50:21.550Z
https://www.instagram.com/wh00aa,wh00aa,greta,https://scontent-cdt1-1.cdninstagram.com/v/t51.2885-19/s150x150/269508028_1527021567674055_7472502861971958016_n.jpg?_nc_ht=scontent-cdt1-1.cdninstagram.com&_nc_cat=103&_nc_ohc=vqVwvkQ93XsAX_-Ytf9&edm=ALB854YBAAAA&ccb=7-4&oh=00_AT9G2u_CA3wZjSS3N9XAirR84mAuCpSQ4KzufQBghbEbhg&oe=61DAB181&_nc_sid=04cb80,49494922069,true,false,https://www.instagram.com/calum.walla/following/,2022-01-04T21:50:21.550Z
https://www.instagram.com/hyprex,hyprex,,https://scontent-cdg2-1.cdninstagram.com/v/t51.2885-19/s150x150/261548761_3123008421349915_3249604211145169826_n.jpg?_nc_ht=scontent-cdg2-1.cdninstagram.com&_nc_cat=107&_nc_ohc=0sLz3Ztn37EAX-H2y7U&edm=ALB854YBAAAA&ccb=7-4&oh=00_AT-zU0xjEOLul7xox2gyA4W6JGkJXxaeGcTlJ0PJNr0jVA&oe=61DACDFD&_nc_sid=04cb80,33180759523,false,false,https://www.instagram.com/calum.walla/following/,2022-01-04T21:50:21.550Z
https://www.instagram.com/mr__luciferop,mr__luciferop,Adarsh,https://scontent-cdg2-1.cdninstagram.com/v/t51.2885-19/s150x150/241260447_925738114965872_1927591490548464768_n.jpg?_nc_ht=scontent-cdg2-1.cdninstagram.com&_nc_cat=108&_nc_ohc=3HAagCXlfr0AX91Mz1M&edm=ALB854YBAAAA&ccb=7-4&oh=00_AT9kfvqE-ouoVZIStbfDzAJ2M2nH_sIDN8FTfVg1ltiIIg&oe=61DB11D3&_nc_sid=04cb80,48392602144,true,false,https://www.instagram.com/calum.walla/following/,2022-01-04T21:50:21.550Z
https://www.instagram.com/aludar13,aludar13,–û–ö–ù–ê –î–í–ï–†–ò –í–ò–¢–†–ê–ñ–ò –§–ê–°–ê–î–´,https://scontent-cdt1-1.cdninstagram.com/v/t51.2885-19/s150x150/228162965_989740698505541_8453221049900569064_n.jpg?_nc_ht=scontent-cdt1-1.cdninstagram.com&_nc_cat=105&_nc_ohc=qBvHXWT7_D4AX_didZc&edm=ALB854YBAAAA&ccb=7-4&oh=00_AT8DetRPYzfV4SbPKUIyhYWYXMFKXrr8d0UfOy_eFOr4yA&oe=61DC3404&_nc_sid=04cb80,14468537924,false,false,https://www.instagram.com/calum.walla/following/,2022-01-04T21:50:21.550Z
https://www.instagram.com/yo_amari_,yo_amari_,Amari Yoga & Coaching,https://scontent-cdg2-1.cdninstagram.com/v/t51.2885-19/s150x150/241325074_548284769557316_2944116393691275295_n.jpg?_nc_ht=scontent-cdg2-1.cdninstagram.com&_nc_cat=108&_nc_ohc=k_-Z8bDpOT8AX-Y-giU&edm=ALB854YBAAAA&ccb=7-4&oh=00_AT989FGviLx79xkdzrVnxxrmL_ho5DobQm23wr_MkJnxsg&oe=61DB6ACC&_nc_sid=04cb80,1457995022,false,false,https://www.instagram.com/calum.walla/following/,2022-01-04T21:50:21.550Z
https://www.instagram.com/bonclydede,bonclydede,HandyhuÃàllen & Handyketten,https://scontent-cdg2-1.cdninstagram.com/v/t51.2885-19/s150x150/150535115_424900278737536_9040826039046179817_n.jpg?_nc_ht=scontent-cdg2-1.cdninstagram.com&_nc_cat=104&_nc_ohc=aqmnIrqGHasAX-GDsoJ&edm=ALB854YBAAAA&ccb=7-4&oh=00_AT-DK-GSrza2MPHGsybigpSxaY4WfELi269y8DbrL5CbaQ&oe=61DB9E37&_nc_sid=04cb80,2340616770,false,false,https://www.instagram.com/calum.walla/following/,2022-01-04T21:50:21.550Z
https://www.instagram.com/canitano_z1000,canitano_z1000,Fabio Canitano,https://scontent-cdg2-1.cdninstagram.com/v/t51.2885-19/s150x150/241313496_922988105242324_7308088507007188637_n.jpg?_nc_ht=scontent-cdg2-1.cdninstagram.com&_nc_cat=104&_nc_ohc=aKLP8OzFJDkAX9FTo5v&edm=ALB854YBAAAA&ccb=7-4&oh=00_AT8KhX9yhT6pxG54n38CRFeqvRhEx6nxRx9RWkkWtyJwhQ&oe=61DC9DB8&_nc_sid=04cb80,33139381198,false,false,https://www.instagram.com/calum.walla/following/,2022-01-04T21:50:21.550Z
https://www.instagram.com/yuki0325gp,yuki0325gp,Takushi Yu-ki,https://scontent-cdg2-1.cdninstagram.com/v/t51.2885-19/s150x150/237378149_226481332732715_8514792145321425959_n.jpg?_nc_ht=scontent-cdg2-1.cdninstagram.com&_nc_cat=111&_nc_ohc=Lz0HiAqkgwcAX-A85MG&edm=ALB854YBAAAA&ccb=7-4&oh=00_AT-UXcEF_7GUn5eQSiDbeRmMVnGvnf7izxzvIZNMMb_Xfg&oe=61DAF6E6&_nc_sid=04cb80,49127760689,false,false,https://www.instagram.com/calum.walla/following/,2022-01-04T21:50:21.550Z
https://www.instagram.com/mashawxxs,mashawxxs,mashaas,https://scontent-cdt1-1.cdninstagram.com/v/t51.2885-19/s150x150/241416030_387876382946710_1541432097916797814_n.jpg?_nc_ht=scontent-cdt1-1.cdninstagram.com&_nc_cat=110&_nc_ohc=xBatlOM-hx4AX-McP06&edm=ALB854YBAAAA&ccb=7-4&oh=00_AT883ON2RjRSVir_D_Kv_gOsAH25qSdBqWMEQ4mNMu2gmw&oe=61DBB289&_nc_sid=04cb80,38197729248,false,false,https://www.instagram.com/calum.walla/following/,2022-01-04T21:50:21.550Z
https://www.instagram.com/scalesystems.co,scalesystems.co,Scale Systems,https://scontent-cdt1-1.cdninstagram.com/v/t51.2885-19/s150x150/241330524_272741588022385_2691397619923166384_n.jpg?_nc_ht=scontent-cdt1-1.cdninstagram.com&_nc_cat=101&_nc_ohc=yY56Pes53zoAX9i7eCF&edm=ALB854YBAAAA&ccb=7-4&oh=00_AT9xF2v04AJfbIJptk2S4RlI9JlJCVPLPHRNuuzMc4y8AA&oe=61DAC400&_nc_sid=04cb80,48341979855,false,false,https://www.instagram.com/calum.walla/following/,2022-01-04T21:50:21.550Z
https://www.instagram.com/blvckdope.russia,blvckdope.russia,BLVCKDOPE,https://scontent-cdg2-1.cdninstagram.com/v/t51.2885-19/s150x150/240243866_424825758908450_4595217830532625918_n.jpg?_nc_ht=scontent-cdg2-1.cdninstagram.com&_nc_cat=102&_nc_ohc=kfJq-42-dPAAX8IomdL&edm=ALB854YBAAAA&ccb=7-4&oh=00_AT-_4Qg7YbAUmCO0zoCdmx78hSUZT5i372-VUdsf4c6CBQ&oe=61DBF050&_nc_sid=04cb80,28354918420,false,false,https://www.instagram.com/calum.walla/following/,2022-01-04T21:50:21.550Z
https://www.instagram.com/lordofficialpoland,lordofficialpoland,LOrd¬ÆÔ∏èüáµüá±‚ôï,https://scontent-cdt1-1.cdninstagram.com/v/t51.2885-19/s150x150/61786364_307735553462862_4628067895572692992_n.jpg?_nc_ht=scontent-cdt1-1.cdninstagram.com&_nc_cat=106&_nc_ohc=cypksAXXkLEAX9rf-LO&edm=ALB854YBAAAA&ccb=7-4&oh=00_AT8pgRmuduezkfMuvEkMcT1vgSXFE_2a5GbkYPXZu_wWzg&oe=61DC609C&_nc_sid=04cb80,1904016722,false,false,https://www.instagram.com/calum.walla/following/,2022-01-04T21:50:21.550Z
https://www.instagram.com/gstugaygs31,gstugaygs31,Tugay TuÃàrkmaya,https://scontent-cdg2-1.cdninstagram.com/v/t51.2885-19/s150x150/139952429_1306246939761050_4002605892874245884_n.jpg?_nc_ht=scontent-cdg2-1.cdninstagram.com&_nc_cat=102&_nc_ohc=1gfDUchJY9oAX8Ow5-9&edm=ALB854YBAAAA&ccb=7-4&oh=00_AT9_05cVxEObWxQqVJW0OD-bPMN_ouzAEk0cYPTRF7f6XQ&oe=61DBB8A9&_nc_sid=04cb80,3694193916,false,false,https://www.instagram.com/calum.walla/following/,2022-01-04T21:50:21.550Z
https://www.instagram.com/orange_fx_community,orange_fx_community,Orange fx,https://scontent-cdg2-1.cdninstagram.com/v/t51.2885-19/s150x150/243313370_404519501304156_2721480578214131570_n.jpg?_nc_ht=scontent-cdg2-1.cdninstagram.com&_nc_cat=100&_nc_ohc=mSEBmuYDFv8AX98WPKh&edm=ALB854YBAAAA&ccb=7-4&oh=00_AT_T2m72UXkoQN3q78GFGcxk_Z7mAZDQTyUHFbOBEovZQg&oe=61DC0B3A&_nc_sid=04cb80,49101545439,false,false,https://www.instagram.com/calum.walla/following/,2022-01-04T21:50:21.550Z
https://www.instagram.com/nicoxesser,nicoxesser,ùó°ùó∂ùó∞ùóº ùóòùòÄùòÄùó≤ùóø,https://scontent-cdt1-1.cdninstagram.com/v/t51.2885-19/s150x150/258894743_1263972684123706_6082208905787013320_n.jpg?_nc_ht=scontent-cdt1-1.cdninstagram.com&_nc_cat=110&_nc_ohc=yHq5DNEfjJkAX9dwCQm&edm=ALB854YBAAAA&ccb=7-4&oh=00_AT9hDQ6ROx_k-DktqLsiNptg1X-F48cFU4I34GUDcICL3A&oe=61DBD750&_nc_sid=04cb80,2554945475,false,false,https://www.instagram.com/calum.walla/following/,2022-01-04T21:50:21.550Z
https://www.instagram.com/r0uk3z,r0uk3z,,https://scontent-cdt1-1.cdninstagram.com/v/t51.2885-19/s150x150/240741632_327942769117313_6919902765029307637_n.jpg?_nc_ht=scontent-cdt1-1.cdninstagram.com&_nc_cat=105&_nc_ohc=ZAhqJhfJ6a8AX9N_u9l&edm=ALB854YBAAAA&ccb=7-4&oh=00_AT-Oz-_JatNdEqo5psVA_42QyjAOjuPAoGmVFvS-pE04DQ&oe=61DBFF73&_nc_sid=04cb80,3077874547,true,false,https://www.instagram.com/calum.walla/following/,2022-01-04T21:50:21.550Z
https://www.instagram.com/ffffffaaaaeee,ffffffaaaaeee,Hwanngiii,https://scontent-cdt1-1.cdninstagram.com/v/t51.2885-19/s150x150/122914832_382353716233366_324808260996179313_n.jpg?_nc_ht=scontent-cdt1-1.cdninstagram.com&_nc_cat=110&_nc_ohc=nbhLT2FNuJEAX9KSJw0&edm=ALB854YBAAAA&ccb=7-4&oh=00_AT-d07RHd33lQrCZYkqTKV9PfBba1MdBpbMDVKfIaAseBQ&oe=61DC6C8A&_nc_sid=04cb80,3217641983,false,false,https://www.instagram.com/calum.walla/following/,2022-01-04T21:50:21.550Z
https://www.instagram.com/maaez.zira,maaez.zira,ùë∫ùëºùë∫ùëº ùë¥ùë®ùë®ùë¨ùíÅ ùë≤ùë≥,https://scontent-cdg2-1.cdninstagram.com/v/t51.2885-19/s150x150/233467280_150320443906699_7150496271218394782_n.jpg?_nc_ht=scontent-cdg2-1.cdninstagram.com&_nc_cat=107&_nc_ohc=d0Mh-2Kd85QAX8HIBEs&edm=ALB854YBAAAA&ccb=7-4&oh=00_AT8wGGWvJcQPT4xNaquidjHb0TPuqYNe4D6d9oD9JMPITA&oe=61DC7FBB&_nc_sid=04cb80,5694923207,false,false,https://www.instagram.com/calum.walla/following/,2022-01-04T21:50:21.550Z
https://www.instagram.com/utility_67,utility_67,Ute Albrecht,https://scontent-cdt1-1.cdninstagram.com/v/t51.2885-19/s150x150/243583073_387805496261017_7083397148313879549_n.jpg?_nc_ht=scontent-cdt1-1.cdninstagram.com&_nc_cat=101&_nc_ohc=u98nyMJRnCsAX_blpxe&edm=ALB854YBAAAA&ccb=7-4&oh=00_AT9DqViDk0ygbHtwiw-D2drt6rjAFtp3ddiq0Cm1azhIOA&oe=61DC8AC2&_nc_sid=04cb80,1685570472,false,false,https://www.instagram.com/calum.walla/following/,2022-01-04T21:50:21.550Z
https://www.instagram.com/love333us,love333us,love333,https://scontent-cdt1-1.cdninstagram.com/v/t51.2885-19/s150x150/136419192_433389394358321_556661026902104211_n.jpg?_nc_ht=scontent-cdt1-1.cdninstagram.com&_nc_cat=105&_nc_ohc=_JC5obYnhPQAX-W2plB&edm=ALB854YBAAAA&ccb=7-4&oh=00_AT8tbrJyc2a8kcpCuxs8BjkaoRqEfod_G8iZ7bY1To-5CA&oe=61DB00B3&_nc_sid=04cb80,45085034530,false,false,https://www.instagram.com/calum.walla/following/,2022-01-04T21:50:21.550Z
https://www.instagram.com/stonedesignlondon,stonedesignlondon,Stone Design London,https://scontent-cdt1-1.cdninstagram.com/v/t51.2885-19/s150x150/69227267_477857579750622_22018536390000640_n.jpg?_nc_ht=scontent-cdt1-1.cdninstagram.com&_nc_cat=106&_nc_ohc=XbrIaNc9ndYAX83d4MY&edm=ALB854YBAAAA&ccb=7-4&oh=00_AT_27718xXZgdm3czJoWmLxP_M2sh2bbb813PeTTAOwaIQ&oe=61DAB532&_nc_sid=04cb80,2998572801,false,false,https://www.instagram.com/calum.walla/following/,2022-01-04T21:50:21.550Z
https://www.instagram.com/theo_8l,theo_8l,weil,https://scontent-cdg2-1.cdninstagram.com/v/t51.2885-19/s150x150/204403234_772575243432528_4186286259470789844_n.jpg?_nc_ht=scontent-cdg2-1.cdninstagram.com&_nc_cat=100&_nc_ohc=d3fEKJQaqQAAX-MQM_q&edm=ALB854YBAAAA&ccb=7-4&oh=00_AT-Bm08dg_olEtR19z4D1x8PFW1bCVBL5LFmHHFFahqW1w&oe=61DB7602&_nc_sid=04cb80,26658972289,false,false,https://www.instagram.com/calum.walla/following/,2022-01-04T21:50:21.550Z
https://www.instagram.com/a_hmedmalik,a_hmedmalik,Ahmed,https://scontent-cdt1-1.cdninstagram.com/v/t51.2885-19/s150x150/186008105_1185579555226330_8362593096581001130_n.jpg?_nc_ht=scontent-cdt1-1.cdninstagram.com&_nc_cat=110&_nc_ohc=yyWkMhSkp20AX-f20XX&edm=ALB854YBAAAA&ccb=7-4&oh=00_AT8AxrdHiFz-d4t16iTkoPSXAI5cKiyHibUkVykdmQOH-Q&oe=61DC8451&_nc_sid=04cb80,13819057218,true,false,https://www.instagram.com/calum.walla/following/,2022-01-04T21:50:21.550Z
https://www.instagram.com/yourchoice_storee,yourchoice_storee,–ò–Ω—Ç–µ—Ä–Ω–µ—Ç-–º–∞–≥–∞–∑–∏–Ω ü§ç –ú–æ—Å–∫–≤–∞,https://scontent-cdg2-1.cdninstagram.com/v/t51.2885-19/s150x150/241406004_130330362657571_5596780354955569705_n.jpg?_nc_ht=scontent-cdg2-1.cdninstagram.com&_nc_cat=107&_nc_ohc=p1jPBCTsa14AX9ajVX6&edm=ALB854YBAAAA&ccb=7-4&oh=00_AT8PEACFunwLGkEZzXqbJ2qoaf_X0XSgxmndpxfQlsjmLw&oe=61DB6492&_nc_sid=04cb80,49333354200,false,false,https://www.instagram.com/calum.walla/following/,2022-01-04T21:50:21.550Z
https://www.instagram.com/super_novaaa_,super_novaaa_,Sup3rN0va,https://scontent-cdt1-1.cdninstagram.com/v/t51.2885-19/s150x150/80747059_601594267270817_2611538268579168256_n.jpg?_nc_ht=scontent-cdt1-1.cdninstagram.com&_nc_cat=105&_nc_ohc=MzTO3Rqd3-0AX8eshuO&edm=ALB854YBAAAA&ccb=7-4&oh=00_AT97XoeKTk1mnz6LBfGwfAVIxFgdhC5-BQGVlXguOqlE2w&oe=61DC2E3C&_nc_sid=04cb80,27891251943,false,false,https://www.instagram.com/calum.walla/following/,2022-01-04T21:50:21.550Z
https://www.instagram.com/sborka_lestnis_05,sborka_lestnis_05,,https://scontent-cdg2-1.cdninstagram.com/v/t51.2885-19/s150x150/240956892_185209067053104_5130134524212561439_n.jpg?_nc_ht=scontent-cdg2-1.cdninstagram.com&_nc_cat=100&_nc_ohc=ERCxc3ohi4EAX8KKMte&edm=ALB854YBAAAA&ccb=7-4&oh=00_AT9PS1Ce8O2GopHP2RO8NVINi4hXBHbIohUOX0Hu7Hzqig&oe=61DBAF15&_nc_sid=04cb80,31862571089,false,false,https://www.instagram.com/calum.walla/following/,2022-01-04T21:50:21.550Z
https://www.instagram.com/we_gon_turn_it_up_a_notch,we_gon_turn_it_up_a_notch,,https://instagram.fbrs4-2.fna.fbcdn.net/v/t51.2885-19/44884218_345707102882519_2446069589734326272_n.jpg?_nc_ht=instagram.fbrs4-2.fna.fbcdn.net&_nc_cat=1&_nc_ohc=_kdA2tN_FSUAX-DByRE&edm=AJ9x6zYBAAAA&ccb=7-4&ig_cache_key=YW5vbnltb3VzX3Byb2ZpbGVfcGlj.2-ccb7-4&oh=00_AT-dD-dm02SpvFdVIeGAYjhBExbcLaedL6dUPUH1SoBmpQ&oe=61DB968F&_nc_sid=cff2a4,46696449436,false,false,https://www.instagram.com/calum.walla/following/,2022-01-04T21:50:21.550Z
https://www.instagram.com/domenicoxmtrzz,domenicoxmtrzz,Domenico,https://scontent-cdt1-1.cdninstagram.com/v/t51.2885-19/s150x150/265000884_878753132785347_4325875571026233772_n.jpg?_nc_ht=scontent-cdt1-1.cdninstagram.com&_nc_cat=103&_nc_ohc=BkQzlTUDeo8AX8NX8TY&edm=ALB854YBAAAA&ccb=7-4&oh=00_AT-3HYV_7VvlV0JS_2jDZMWT0NJrrUFDspXg_61-fF_ibA&oe=61DC47AC&_nc_sid=04cb80,42937823911,true,false,https://www.instagram.com/calum.walla/following/,2022-01-04T21:50:21.550Z
https://www.instagram.com/_kok0v,_kok0v,‚≤Ä‚≤•‚≤Å‚≤áœ•‚≤ó‚≤ó‚≤Å“≥,https://scontent-cdt1-1.cdninstagram.com/v/t51.2885-19/s150x150/175863678_841023856486198_8926295252633195790_n.jpg?_nc_ht=scontent-cdt1-1.cdninstagram.com&_nc_cat=110&_nc_ohc=50m9pKnK0k4AX8p6yJ-&edm=ALB854YBAAAA&ccb=7-4&oh=00_AT_Lu3WYMxJK7UjKA_p7g83p-cxJwD2ctCYpFpq4jJc3KA&oe=61DBCB11&_nc_sid=04cb80,7981386090,true,false,https://www.instagram.com/calum.walla/following/,2022-01-04T21:50:21.550Z
https://www.instagram.com/eshomathew,eshomathew,Mathew Esho,https://scontent-cdg2-1.cdninstagram.com/v/t51.2885-19/s150x150/240942990_2972291166317660_4502098400903322955_n.jpg?_nc_ht=scontent-cdg2-1.cdninstagram.com&_nc_cat=108&_nc_ohc=bBmmBl28n38AX8zdyK7&edm=ALB854YBAAAA&ccb=7-4&oh=00_AT_MQZBsAaevol_6kSxqy3ubGXKp-0qcPRKmwbJP3-zRdw&oe=61DBE3E1&_nc_sid=04cb80,28160834223,false,false,https://www.instagram.com/calum.walla/following/,2022-01-04T21:50:21.550Z
https://www.instagram.com/balderdash_o,balderdash_o,–ù–∞–¥—è,https://scontent-cdt1-1.cdninstagram.com/v/t51.2885-19/s150x150/243413153_4635022983223738_8546147963300023429_n.jpg?_nc_ht=scontent-cdt1-1.cdninstagram.com&_nc_cat=110&_nc_ohc=ZFFvX1GBllEAX8UjT3O&edm=ALB854YBAAAA&ccb=7-4&oh=00_AT8dgSVR545oXA5b-tUOsCssRdP35bzjgU_oHXPkuwHavg&oe=61DB6D66&_nc_sid=04cb80,4061598047,false,false,https://www.instagram.com/calum.walla/following/,2022-01-04T21:50:21.550Z
https://www.instagram.com/drippy.russia,drippy.russia,DRIPPY RUSSIA MUSIC,https://scontent-cdt1-1.cdninstagram.com/v/t51.2885-19/s150x150/241236500_1236184116794369_6624930685053634161_n.jpg?_nc_ht=scontent-cdt1-1.cdninstagram.com&_nc_cat=105&_nc_ohc=H1ixZmoDE_QAX8vVW3E&edm=ALB854YBAAAA&ccb=7-4&oh=00_AT93SVXkALosGIKMuRg98lXzc5NI51lUEJZGM3oMIQ1P6Q&oe=61DAE925&_nc_sid=04cb80,49303325490,false,false,https://www.instagram.com/calum.walla/following/,2022-01-04T21:50:21.550Z
https://www.instagram.com/nsitchinavaa,nsitchinavaa,,https://scontent-cdt1-1.cdninstagram.com/v/t51.2885-19/s150x150/241059253_240176347871826_4268106990674844867_n.jpg?_nc_ht=scontent-cdt1-1.cdninstagram.com&_nc_cat=106&_nc_ohc=Q62Zj0mvlckAX-OXMd1&edm=ALB854YBAAAA&ccb=7-4&oh=00_AT8Ybay0Y5y0mj9kHNxqB8i0h5t1Uedo5hMD2n6-qo862w&oe=61DCA15C&_nc_sid=04cb80,6054559515,false,false,https://www.instagram.com/calum.walla/following/,2022-01-04T21:50:21.550Z
https://www.instagram.com/9696dima,9696dima,Dilruz,https://scontent-cdt1-1.cdninstagram.com/v/t51.2885-19/s150x150/205579687_876206762966713_4522436532650169260_n.jpg?_nc_ht=scontent-cdt1-1.cdninstagram.com&_nc_cat=101&_nc_ohc=pTLodTzlM8QAX8ZwVF8&edm=ALB854YBAAAA&ccb=7-4&oh=00_AT_7_TP5IaNBuPwqdxm-L0R1zYNSMsVVXHjLutEnPUSd7A&oe=61DB0367&_nc_sid=04cb80,5347041784,false,false,https://www.instagram.com/calum.walla/following/,2022-01-04T21:50:21.550Z
https://www.instagram.com/ajay_panchal0773,ajay_panchal0773,Ajay- panchal,https://scontent-cdt1-1.cdninstagram.com/v/t51.2885-19/s150x150/258878784_430135721829845_8442971532056464831_n.jpg?_nc_ht=scontent-cdt1-1.cdninstagram.com&_nc_cat=105&_nc_ohc=j8SukENb6q4AX-V6zTm&edm=ALB854YBAAAA&ccb=7-4&oh=00_AT-yXRqS1rk5zuPvI7r--q9sJGyoLMHYfbeKOvqCOKUkoQ&oe=61DC4E6D&_nc_sid=04cb80,4234854856,false,false,https://www.instagram.com/calum.walla/following/,2022-01-04T21:50:21.550Z
https://www.instagram.com/tolis_antoniou,tolis_antoniou,Œ§ŒøÃÅŒªŒ∑œÇ ŒëŒΩœÑœâŒΩŒπÃÅŒøœÖ Ô£ø,https://scontent-cdg2-1.cdninstagram.com/v/t51.2885-19/s150x150/261193876_1300629093788656_1316484340845883014_n.jpg?_nc_ht=scontent-cdg2-1.cdninstagram.com&_nc_cat=104&_nc_ohc=xzIfu3GdiQwAX8lffhT&edm=ALB854YBAAAA&ccb=7-4&oh=00_AT9dVxWaUi8XeazDinLEMNnY5E7rlEsJkqCK6hXpZWLwLQ&oe=61DAD472&_nc_sid=04cb80,6083338527,false,false,https://www.instagram.com/calum.walla/following/,2022-01-04T21:50:21.550Z
https://www.instagram.com/babys.metrika,babys.metrika,‚ñ™Ô∏è–î–ï–¢–°–ö–ê–Ø –ú–ï–¢–†–ò–ö–ê ‚ñ™Ô∏è –ü–û–°–¢–ï–†–´‚ñ™Ô∏è,https://scontent-cdt1-1.cdninstagram.com/v/t51.2885-19/s150x150/191997816_1686051224907126_7627291421829614736_n.jpg?_nc_ht=scontent-cdt1-1.cdninstagram.com&_nc_cat=106&_nc_ohc=NW3oJlCgVRwAX99l7sY&edm=ALB854YBAAAA&ccb=7-4&oh=00_AT8qux49ewn-ctuaIgmcsCijviRdwgU5QT7e-IfryRgqSQ&oe=61DB8E32&_nc_sid=04cb80,2513885942,false,false,https://www.instagram.com/calum.walla/following/,2022-01-04T21:50:21.550Z
https://www.instagram.com/hryanvi_1234,hryanvi_1234,chaluüòòüí´‚ù§Ô∏è,https://scontent-cdt1-1.cdninstagram.com/v/t51.2885-19/s150x150/261549256_904382596874097_3605919383145919338_n.jpg?_nc_ht=scontent-cdt1-1.cdninstagram.com&_nc_cat=109&_nc_ohc=Epc8dT6aOnwAX_97ygS&edm=ALB854YBAAAA&ccb=7-4&oh=00_AT-GtlfG_9OiutIr6LWdrhS24GFbq9dWg6T6n-hfM-8VHQ&oe=61DB0CA0&_nc_sid=04cb80,49251074964,false,false,https://www.instagram.com/calum.walla/following/,2022-01-04T21:50:21.550Z
https://www.instagram.com/isa213105,isa213105,Isag K,https://instagram.fbrs4-2.fna.fbcdn.net/v/t51.2885-19/44884218_345707102882519_2446069589734326272_n.jpg?_nc_ht=instagram.fbrs4-2.fna.fbcdn.net&_nc_cat=1&_nc_ohc=_kdA2tN_FSUAX-DByRE&edm=AJ9x6zYBAAAA&ccb=7-4&ig_cache_key=YW5vbnltb3VzX3Byb2ZpbGVfcGlj.2-ccb7-4&oh=00_AT-dD-dm02SpvFdVIeGAYjhBExbcLaedL6dUPUH1SoBmpQ&oe=61DB968F&_nc_sid=cff2a4,1382676647,false,false,https://www.instagram.com/calum.walla/following/,2022-01-04T21:50:21.550Z
https://www.instagram.com/ataev721,ataev721,–ê—Ç–∞–µ–≤,https://scontent-cdt1-1.cdninstagram.com/v/t51.2885-19/s150x150/117471882_302906050943439_7959401431651857171_n.jpg?_nc_ht=scontent-cdt1-1.cdninstagram.com&_nc_cat=103&_nc_ohc=pjnMTtwj950AX9dWDRZ&edm=ALB854YBAAAA&ccb=7-4&oh=00_AT95qzyYcrsnO4PcNMo-4UF-WSBrNhXdJoINLtRwRwd9lQ&oe=61DB7261&_nc_sid=04cb80,20737903873,false,false,https://www.instagram.com/calum.walla/following/,2022-01-04T21:50:21.550Z
https://www.instagram.com/russ_blazin,russ_blazin,,https://scontent-cdt1-1.cdninstagram.com/v/t51.2885-19/s150x150/264125026_603902820844585_5769961339655453810_n.jpg?_nc_ht=scontent-cdt1-1.cdninstagram.com&_nc_cat=101&_nc_ohc=_QOQSNnmsWwAX-1d-fh&edm=ALB854YBAAAA&ccb=7-4&oh=00_AT-GMGCRj16M9LWOR4r5i4gTn6vSi_Lz_endOu4UZAMXuw&oe=61DAD3B6&_nc_sid=04cb80,49120423554,true,false,https://www.instagram.com/calum.walla/following/,2022-01-04T21:50:21.550Z
https://www.instagram.com/_janibekkk__,_janibekkk__,ùïæùñÜùñëùñéùñûùñäùñõ ùïµùñÜùñìùñéùñáùñäùñê ùïºùñöùñòùñÜùñéùñûùñìùñöùñëùñû,https://scontent-cdt1-1.cdninstagram.com/v/t51.2885-19/s150x150/259178812_2009620129210613_913348564113293597_n.jpg?_nc_ht=scontent-cdt1-1.cdninstagram.com&_nc_cat=105&_nc_ohc=2JW5GNNd7GgAX_Ht4mG&edm=ALB854YBAAAA&ccb=7-4&oh=00_AT97LFtREPWdcjtHotJiBxVh5lQjXa6Z5vT_qOPcTIRs1A&oe=61DAB3AA&_nc_sid=04cb80,5357347127,true,false,https://www.instagram.com/calum.walla/following/,2022-01-04T21:50:21.550Z
https://www.instagram.com/inkara_zhusipbek,inkara_zhusipbek,Inkara,https://scontent-cdt1-1.cdninstagram.com/v/t51.2885-19/s150x150/260551063_438643961038506_5262103052617199006_n.jpg?_nc_ht=scontent-cdt1-1.cdninstagram.com&_nc_cat=106&_nc_ohc=ktB-tl4wO20AX-Ca0LB&edm=ALB854YBAAAA&ccb=7-4&oh=00_AT_9sCMzONKcapY3mEhcwnqrmnvYkz5VJnAAn_Rn3aZGRQ&oe=61DC610E&_nc_sid=04cb80,33226298979,false,false,https://www.instagram.com/calum.walla/following/,2022-01-04T21:50:21.550Z
https://www.instagram.com/mlav20_,mlav20_,marcolaville_,https://scontent-cdg2-1.cdninstagram.com/v/t51.2885-19/s150x150/263746016_1562160187451959_8782705319902796495_n.jpg?_nc_ht=scontent-cdg2-1.cdninstagram.com&_nc_cat=107&_nc_ohc=NipItcZn0h4AX-Rw0Bl&edm=ALB854YBAAAA&ccb=7-4&oh=00_AT-dv_H-VmjWT1ZUGk1cUPweKY1-dW3ypKdiEqZAAc8f9w&oe=61DC460F&_nc_sid=04cb80,7175144853,true,false,https://www.instagram.com/calum.walla/following/,2022-01-04T21:50:21.550Z
https://www.instagram.com/tokadol,tokadol,toka dolidze,https://scontent-cdt1-1.cdninstagram.com/v/t51.2885-19/s150x150/267108551_905904760296594_7983734585692792868_n.jpg?_nc_ht=scontent-cdt1-1.cdninstagram.com&_nc_cat=106&_nc_ohc=Llpjjb3hpOMAX8Zajlp&edm=ALB854YBAAAA&ccb=7-4&oh=00_AT8Ai9IEMBuyZYA9dDJl5XcH3PWEzWiEj--91wsvVHCXyw&oe=61DC6645&_nc_sid=04cb80,34711220267,true,false,https://www.instagram.com/calum.walla/following/,2022-01-04T21:50:21.550Z
https://www.instagram.com/matwan.10sen,matwan.10sen,DADDY,https://instagram.fbrs4-2.fna.fbcdn.net/v/t51.2885-19/44884218_345707102882519_2446069589734326272_n.jpg?_nc_ht=instagram.fbrs4-2.fna.fbcdn.net&_nc_cat=1&_nc_ohc=_kdA2tN_FSUAX-DByRE&edm=AJ9x6zYBAAAA&ccb=7-4&ig_cache_key=YW5vbnltb3VzX3Byb2ZpbGVfcGlj.2-ccb7-4&oh=00_AT-dD-dm02SpvFdVIeGAYjhBExbcLaedL6dUPUH1SoBmpQ&oe=61DB968F&_nc_sid=cff2a4,6091796455,true,false,https://www.instagram.com/calum.walla/following/,2022-01-04T21:50:21.550Z
https://www.instagram.com/john_luo7,john_luo7,John,https://scontent-cdg2-1.cdninstagram.com/v/t51.2885-19/s150x150/245379051_905787353632286_207199900305978688_n.jpg?_nc_ht=scontent-cdg2-1.cdninstagram.com&_nc_cat=102&_nc_ohc=z-e57Z-QhWoAX_412Mm&edm=ALB854YBAAAA&ccb=7-4&oh=00_AT-NwCvnqPwjIw1dxvUGMg14Ytj4Z1h4GmnMHZRVW-4SUQ&oe=61DBC866&_nc_sid=04cb80,457927808,false,false,https://www.instagram.com/calum.walla/following/,2022-01-04T21:50:21.550Z
https://www.instagram.com/solo_law_,solo_law_,,https://scontent-cdg2-1.cdninstagram.com/v/t51.2885-19/s150x150/267267750_617774286104344_5542652141358702672_n.jpg?_nc_ht=scontent-cdg2-1.cdninstagram.com&_nc_cat=104&_nc_ohc=7Wf2D6t_v-0AX_bk6_-&edm=ALB854YBAAAA&ccb=7-4&oh=00_AT_vT6bY4UJe-n0gR1uh_QE_Tww_fmUHtIG9rgQJJweG8g&oe=61DB48E9&_nc_sid=04cb80,48744437076,true,false,https://www.instagram.com/calum.walla/following/,2022-01-04T21:50:21.550Z
https://www.instagram.com/arthur_mendes062__2,arthur_mendes062__2,arthur_mendes062__,https://scontent-cdg2-1.cdninstagram.com/v/t51.2885-19/s150x150/271307622_322047419756546_3221683785670116633_n.jpg?_nc_ht=scontent-cdg2-1.cdninstagram.com&_nc_cat=102&_nc_ohc=xZiqpV49D5oAX_wzZNG&edm=ALB854YBAAAA&ccb=7-4&oh=00_AT9qz1JprEmeezBc0VFzwFyEJOSd3QZsfY0OGRc68gwXvg&oe=61DC5E31&_nc_sid=04cb80,49092993894,true,false,https://www.instagram.com/calum.walla/following/,2022-01-04T21:50:21.550Z
https://www.instagram.com/abibullayevvv,abibullayevvv,ùêÄùêÅùêàùêÅùêîùêãùêãùêÄùêòùêÑùêï ùêçùêÄùêîùêëùêòùêô,https://scontent-cdt1-1.cdninstagram.com/v/t51.2885-19/s150x150/255275142_291394736180226_3776473407171737583_n.jpg?_nc_ht=scontent-cdt1-1.cdninstagram.com&_nc_cat=106&_nc_ohc=aPZOhAkxz4oAX9Uq7Nc&edm=ALB854YBAAAA&ccb=7-4&oh=00_AT9xECu-aAhTgo3kG_rMuhaxqpZHuzsnuKLveT60AAj6Yg&oe=61DC9028&_nc_sid=04cb80,34232824661,false,false,https://www.instagram.com/calum.walla/following/,2022-01-04T21:50:21.550Z
https://www.instagram.com/lenimadlen,lenimadlen,ùïÑùïíùïïùïùùïñùïü,https://scontent-cdg2-1.cdninstagram.com/v/t51.2885-19/s150x150/242405429_177007921142687_6315162301403480045_n.jpg?_nc_ht=scontent-cdg2-1.cdninstagram.com&_nc_cat=111&_nc_ohc=FUEOSKOOxbwAX-oR5Aa&edm=ALB854YBAAAA&ccb=7-4&oh=00_AT-F14m7qaHOQbx3sxrdvfuOrnhpXctKWOM5H2xv6kwZkg&oe=61DC0F24&_nc_sid=04cb80,217928176,false,false,https://www.instagram.com/calum.walla/following/,2022-01-04T21:50:21.550Z
https://www.instagram.com/rdwn.xz,rdwn.xz,wann,https://scontent-cdg2-1.cdninstagram.com/v/t51.2885-19/s150x150/205251451_327337582456424_9126695418443858317_n.jpg?_nc_ht=scontent-cdg2-1.cdninstagram.com&_nc_cat=108&_nc_ohc=QIeZAuFi0ZUAX-7xjmO&edm=ALB854YBAAAA&ccb=7-4&oh=00_AT_H6Shs2Oy-mPXo4UOjZgkzF9R6OzNVqRK0TvDzTnm7TA&oe=61DC05C4&_nc_sid=04cb80,4642938178,false,false,https://www.instagram.com/calum.walla/following/,2022-01-04T21:50:21.550Z
https://www.instagram.com/blackspire.capital,blackspire.capital,Blackspire,https://scontent-cdt1-1.cdninstagram.com/v/t51.2885-19/s150x150/236004596_946286829252178_6891342065728538575_n.jpg?_nc_ht=scontent-cdt1-1.cdninstagram.com&_nc_cat=110&_nc_ohc=VLC6nOrqB5AAX8zbNqG&edm=ALB854YBAAAA&ccb=7-4&oh=00_AT-u2jh3Z5lnKS-2pEI1l1dBmiqIRf3L0cBZi7RX9yNYYA&oe=61DB7945&_nc_sid=04cb80,48876890574,false,false,https://www.instagram.com/calum.walla/following/,2022-01-04T21:50:21.550Z
https://www.instagram.com/xinyu1052,xinyu1052,Êù®Ê∞∏,https://scontent-cdg2-1.cdninstagram.com/v/t51.2885-19/s150x150/205526750_1151129528741480_4047943539087469889_n.jpg?_nc_ht=scontent-cdg2-1.cdninstagram.com&_nc_cat=108&_nc_ohc=BrXvqGd62RAAX_Butho&edm=ALB854YBAAAA&ccb=7-4&oh=00_AT__1gMPWM4m47N4v6IJunJFquAdB_Gjakbxcn9diGn0pA&oe=61DB7EB0&_nc_sid=04cb80,46924337270,false,false,https://www.instagram.com/calum.walla/following/,2022-01-04T21:50:21.550Z
https://www.instagram.com/pijamas.noches_de_seda,pijamas.noches_de_seda,PIJAMAS | NOCHES DE SEDA,https://scontent-cdg2-1.cdninstagram.com/v/t51.2885-19/s150x150/241314114_4015258415242399_1557219722731545838_n.jpg?_nc_ht=scontent-cdg2-1.cdninstagram.com&_nc_cat=107&_nc_ohc=Zs2Holutz6QAX92EykV&edm=ALB854YBAAAA&ccb=7-4&oh=00_AT9SvffSSshLU1xOkSchANGBfPq3qb_s324aIW5tsVyVqA&oe=61DC60A7&_nc_sid=04cb80,28414785093,false,false,https://www.instagram.com/calum.walla/following/,2022-01-04T21:50:21.550Z
https://www.instagram.com/i_s_s_a511,i_s_s_a511,ÿπŸäÿ≥Ÿâ ÿπŸäÿ≥Ÿâ,https://scontent-cdg2-1.cdninstagram.com/v/t51.2885-19/s150x150/271123931_242995161308219_7218516440925174377_n.jpg?_nc_ht=scontent-cdg2-1.cdninstagram.com&_nc_cat=111&_nc_ohc=a15w8M-wuV0AX-lHzeU&edm=ALB854YBAAAA&ccb=7-4&oh=00_AT_2pde9p8NIGsK6GeERS4Ijav82H3rO2BEhGs0TcxIzfQ&oe=61DC3904&_nc_sid=04cb80,11125015271,false,false,https://www.instagram.com/calum.walla/following/,2022-01-04T21:50:21.550Z
https://www.instagram.com/itzxuanxuan__,itzxuanxuan__,Liew Liewhsiaoxuan,https://scontent-cdg2-1.cdninstagram.com/v/t51.2885-19/s150x150/270031180_910854866464180_4418745765992752212_n.jpg?_nc_ht=scontent-cdg2-1.cdninstagram.com&_nc_cat=104&_nc_ohc=UjQXp86GnLQAX_zE_dO&edm=ALB854YBAAAA&ccb=7-4&oh=00_AT9jX1PVvp_OfreiKqrTRtIUznLvFLBmrWKQR1yah3jZ7A&oe=61DAC36A&_nc_sid=04cb80,22007917337,false,false,https://www.instagram.com/calum.walla/following/,2022-01-04T21:50:21.550Z
https://www.instagram.com/mozaik_roleplay,mozaik_roleplay,,https://scontent-cdt1-1.cdninstagram.com/v/t51.2885-19/s150x150/263856058_586167116009585_5605046632593692954_n.jpg?_nc_ht=scontent-cdt1-1.cdninstagram.com&_nc_cat=105&_nc_ohc=_4CfrgF8RlgAX8j04N9&edm=ALB854YBAAAA&ccb=7-4&oh=00_AT94t_J5T1Nh-GekjpkxtuHG3Ve7dU5qpy4drCYfkkkUpg&oe=61DC307F&_nc_sid=04cb80,30529416174,false,false,https://www.instagram.com/calum.walla/following/,2022-01-04T21:50:21.550Z
https://www.instagram.com/sharon_cindy_496430,sharon_cindy_496430,JenyPen,https://scontent-cdg2-1.cdninstagram.com/v/t51.2885-19/s150x150/241526188_284192879792648_8777587616001898718_n.jpg?_nc_ht=scontent-cdg2-1.cdninstagram.com&_nc_cat=108&_nc_ohc=zJ4-Wn9dzIEAX_NWUT-&edm=ALB854YBAAAA&ccb=7-4&oh=00_AT-bsJ8TJubnh2ZldPREA6ORCmoeDnZ7qTx2d3Y3mVzOeQ&oe=61DB2A6C&_nc_sid=04cb80,49284044523,false,false,https://www.instagram.com/calum.walla/following/,2022-01-04T21:50:21.550Z
https://www.instagram.com/taylorj.dubb,taylorj.dubb,T.J. Wilson,https://scontent-cdg2-1.cdninstagram.com/v/t51.2885-19/s150x150/141858327_150571663404947_1166226514939195666_n.jpg?_nc_ht=scontent-cdg2-1.cdninstagram.com&_nc_cat=111&_nc_ohc=XC5BA6UoKfAAX_goQKD&edm=ALB854YBAAAA&ccb=7-4&oh=00_AT93_qsKe1qd3ShVhIJ38LLCzAsxvVkJGT0GbcE4F8zb9Q&oe=61DBFE83&_nc_sid=04cb80,5922123212,false,false,https://www.instagram.com/calum.walla/following/,2022-01-04T21:50:21.550Z
https://www.instagram.com/tesla.vermietung,tesla.vermietung,Tesla Vermietung Kaarst,https://scontent-cdg2-1.cdninstagram.com/v/t51.2885-19/s150x150/241400339_3001124420163320_1636985351283203814_n.jpg?_nc_ht=scontent-cdg2-1.cdninstagram.com&_nc_cat=108&_nc_ohc=OOE_n0j_L30AX_6UQak&edm=ALB854YBAAAA&ccb=7-4&oh=00_AT9Pn0Twilv3aRHVP5qukLzeXodfPZvPurN3INLPKgeqAQ&oe=61DBC84B&_nc_sid=04cb80,49308771096,false,false,https://www.instagram.com/calum.walla/following/,2022-01-04T21:50:21.550Z
https://www.instagram.com/arlinndx02,arlinndx02,Arlind Sahiti,https://scontent-cdg2-1.cdninstagram.com/v/t51.2885-19/s150x150/242113729_402593847884903_6510315771567829023_n.jpg?_nc_ht=scontent-cdg2-1.cdninstagram.com&_nc_cat=111&_nc_ohc=Y8hWqyysgFcAX-P61h0&edm=ALB854YBAAAA&ccb=7-4&oh=00_AT-IBkehL42QHMGyKMWu77psjNGHJ5AqKFDEYbtoyR5BAg&oe=61DC2454&_nc_sid=04cb80,13545314189,true,false,https://www.instagram.com/calum.walla/following/,2022-01-04T21:50:21.550Z
https://www.instagram.com/bmw_x__x,bmw_x__x,,https://scontent-cdg2-1.cdninstagram.com/v/t51.2885-19/s150x150/241502452_581656556299555_1813488361236855309_n.jpg?_nc_ht=scontent-cdg2-1.cdninstagram.com&_nc_cat=107&_nc_ohc=YWKXDpHhTLQAX84mMpY&edm=ALB854YBAAAA&ccb=7-4&oh=00_AT84nsVPIPI5I0Jp-tvORqAxfqVNvcpcbBoCvDURtAvBuw&oe=61DB6F33&_nc_sid=04cb80,49155506121,false,false,https://www.instagram.com/calum.walla/following/,2022-01-04T21:50:21.550Z
https://www.instagram.com/___lisbeth_ariasr_,___lisbeth_ariasr_,,https://scontent-cdg2-1.cdninstagram.com/v/t51.2885-19/s150x150/241507580_381973509964879_5892348168730196567_n.jpg?_nc_ht=scontent-cdg2-1.cdninstagram.com&_nc_cat=107&_nc_ohc=gyEkFrn60jgAX_ed86J&edm=ALB854YBAAAA&ccb=7-4&oh=00_AT_PPkthA-kxawsVdF0suI-pUuOAiSPrDfzc2IPXV_J1kA&oe=61DC55FF&_nc_sid=04cb80,49125982749,true,false,https://www.instagram.com/calum.walla/following/,2022-01-04T21:50:21.550Z
https://www.instagram.com/ferrari_claudio_,ferrari_claudio_,Claudio Ferrari,https://scontent-cdt1-1.cdninstagram.com/v/t51.2885-19/s150x150/241507558_583679786161434_8889673835802500068_n.jpg?_nc_ht=scontent-cdt1-1.cdninstagram.com&_nc_cat=106&_nc_ohc=hpvjxEZK0rYAX-FOSnd&edm=ALB854YBAAAA&ccb=7-4&oh=00_AT9R5TGNTYcA9Og2y6pihPb3IbhA9nrdfXpWWgJhlpweHA&oe=61DB70D9&_nc_sid=04cb80,214747596,true,false,https://www.instagram.com/calum.walla/following/,2022-01-04T21:50:21.550Z
https://www.instagram.com/salman_ali_ss,salman_ali_ss,Salman Ali Shirazi,https://scontent-cdt1-1.cdninstagram.com/v/t51.2885-19/s150x150/134376100_728925458029522_3928899365933671635_n.jpg?_nc_ht=scontent-cdt1-1.cdninstagram.com&_nc_cat=110&_nc_ohc=aXN1ciG-PqQAX85_Kl5&edm=ALB854YBAAAA&ccb=7-4&oh=00_AT9pksNu4_gfoMuo8cxcx1ORR_p4-q5M4IuM8DD4l1NN4Q&oe=61DB4D1B&_nc_sid=04cb80,8136314336,false,false,https://www.instagram.com/calum.walla/following/,2022-01-04T21:50:21.550Z
https://www.instagram.com/aguspriyanto.id,aguspriyanto.id,Agus Priyanto,https://scontent-cdg2-1.cdninstagram.com/v/t51.2885-19/s150x150/56609033_435620630504820_3318715710586224640_n.jpg?_nc_ht=scontent-cdg2-1.cdninstagram.com&_nc_cat=100&_nc_ohc=kCYz8OE8rNEAX8lr0_e&edm=ALB854YBAAAA&ccb=7-4&oh=00_AT-T3ebvfG6DEJ9gaJoSByiK3Roq2weq6ON-6ho1Q6MDxA&oe=61DB6709&_nc_sid=04cb80,227257300,false,false,https://www.instagram.com/calum.walla/following/,2022-01-04T21:50:21.550Z
https://www.instagram.com/sevenskingroup,sevenskingroup,–°–¢–ò–õ–¨–ù–ê–Ø –û–î–ï–ñ–î–ê,https://scontent-cdt1-1.cdninstagram.com/v/t51.2885-19/s150x150/234924512_191167059592793_5581552303685434632_n.jpg?_nc_ht=scontent-cdt1-1.cdninstagram.com&_nc_cat=105&_nc_ohc=YTsOHvE1Z_0AX9XG0-g&edm=ALB854YBAAAA&ccb=7-4&oh=00_AT9K0BKSQ8O2O10HSMVpp6eR5oPbVI2_09jCvKt4pFEgMA&oe=61DC9DAC&_nc_sid=04cb80,48998134971,false,false,https://www.instagram.com/calum.walla/following/,2022-01-04T21:50:21.550Z
https://www.instagram.com/negafa_sarah,negafa_sarah,Sarahüá≤üá¶,https://scontent-cdt1-1.cdninstagram.com/v/t51.2885-19/s150x150/255208037_580271076592605_5351682711301359630_n.jpg?_nc_ht=scontent-cdt1-1.cdninstagram.com&_nc_cat=109&_nc_ohc=d11b-JNaibEAX9jg8eB&edm=ALB854YBAAAA&ccb=7-4&oh=00_AT-7VFRgYqpXGl8lNqKdhBWiD66GkRL6Yqv7Dxp_XdWnpQ&oe=61DB3A19&_nc_sid=04cb80,49116183244,false,false,https://www.instagram.com/calum.walla/following/,2022-01-04T21:50:21.550Z
https://www.instagram.com/ik_berlin,ik_berlin,‚ùå‚õ∞3Ô∏è‚É£6Ô∏è‚É£,https://scontent-cdt1-1.cdninstagram.com/v/t51.2885-19/s150x150/109207789_281191999649242_8400942164889688336_n.jpg?_nc_ht=scontent-cdt1-1.cdninstagram.com&_nc_cat=110&_nc_ohc=6AXkrEMkSLgAX-DERjH&edm=ALB854YBAAAA&ccb=7-4&oh=00_AT-QRoS6TsBG1TTcU_vVhX8M8warcccC8-KRR-8I4gzDeQ&oe=61DB2E6B&_nc_sid=04cb80,4982885409,false,false,https://www.instagram.com/calum.walla/following/,2022-01-04T21:50:21.550Z
https://www.instagram.com/nl_lubi_sebya,nl_lubi_sebya,NL l  –ó–î–û–†–û–í–¨–ï  l  –ü–û–•–£–î–ï–ù–ò–ï,https://scontent-cdg2-1.cdninstagram.com/v/t51.2885-19/s150x150/241256098_1014401926044276_4743924284395169641_n.jpg?_nc_ht=scontent-cdg2-1.cdninstagram.com&_nc_cat=100&_nc_ohc=lqJlPeN84FgAX9c6mOd&edm=ALB854YBAAAA&ccb=7-4&oh=00_AT_x7iSLurRc_HuJV-BrAgmXVP_LK1MpKEP8yKS1Bgl_0Q&oe=61DB9853&_nc_sid=04cb80,49489203057,false,false,https://www.instagram.com/calum.walla/following/,2022-01-04T21:50:21.550Z
https://www.instagram.com/riza_baz.oralovna,riza_baz.oralovna,RIZA‚ù§Ô∏è|–û–ë–£–ß–ï–ù–ò–ïüìö| –ö–†–ï–ê–¢–ò–íüß©,https://scontent-cdg2-1.cdninstagram.com/v/t51.2885-19/s150x150/241258259_375040900737095_8080228929640115848_n.jpg?_nc_ht=scontent-cdg2-1.cdninstagram.com&_nc_cat=111&_nc_ohc=I0LLpVgxQMoAX9FJCi4&edm=ALB854YBAAAA&ccb=7-4&oh=00_AT_Av2gbmlfQB9x_mjfpu9vgITL3JZLLbPl2nUGJ890bkQ&oe=61DC6E5F&_nc_sid=04cb80,6119105613,false,false,https://www.instagram.com/calum.walla/following/,2022-01-04T21:50:21.550Z
https://www.instagram.com/_murzakulova__,_murzakulova__,Chynaiymüî∏,https://scontent-cdt1-1.cdninstagram.com/v/t51.2885-19/s150x150/258709896_443992860471325_1348496745603896607_n.jpg?_nc_ht=scontent-cdt1-1.cdninstagram.com&_nc_cat=101&_nc_ohc=KiNgtfqnFEIAX8oLJqv&edm=ALB854YBAAAA&ccb=7-4&oh=00_AT8NrKW4JPEhr5GuRhLOuRUNcnMnOs2APDeWqpMS0yKjeA&oe=61DAF43A&_nc_sid=04cb80,29306293360,true,false,https://www.instagram.com/calum.walla/following/,2022-01-04T21:50:21.550Z
https://www.instagram.com/bartanbeat,bartanbeat,BARTAN,https://scontent-cdg2-1.cdninstagram.com/v/t51.2885-19/s150x150/270239083_144951987894995_27998176898874681_n.jpg?_nc_ht=scontent-cdg2-1.cdninstagram.com&_nc_cat=111&_nc_ohc=lBKoSmReC7gAX-8pqQN&edm=ALB854YBAAAA&ccb=7-4&oh=00_AT9z1W9KkwmH7lFYzVANb8RSHDvjZAxiNYN7IZpSbzkKgA&oe=61DC28F6&_nc_sid=04cb80,19440053277,false,false,https://www.instagram.com/calum.walla/following/,2022-01-04T21:50:21.550Z
https://www.instagram.com/_17sssuzy,_17sssuzy,ùíîùíñùíõùíñùíåùíÇüåπ,https://scontent-cdg2-1.cdninstagram.com/v/t51.2885-19/s150x150/224184679_551577649217380_7138580099002317243_n.jpg?_nc_ht=scontent-cdg2-1.cdninstagram.com&_nc_cat=104&_nc_ohc=qlIH3aWeHCoAX8bDGgB&edm=ALB854YBAAAA&ccb=7-4&oh=00_AT-ozcTG1SveQRK1_l9xB1sxJEIKZgdX87IXNwW0YXzonw&oe=61DC5DC0&_nc_sid=04cb80,46740023220,true,false,https://www.instagram.com/calum.walla/following/,2022-01-04T21:50:21.550Z
https://www.instagram.com/erkebulanjan_,erkebulanjan_,–ñ–∞–Ω—Ç–∞–∏ÃÜ–ª–∞–∫–æ–≤ –ï—Ä–∫–µ–±—É–ª–∞–Ω,https://scontent-cdt1-1.cdninstagram.com/v/t51.2885-19/s150x150/15337252_232227050532885_761339432035942400_a.jpg?_nc_ht=scontent-cdt1-1.cdninstagram.com&_nc_cat=109&_nc_ohc=GeG-iXnXVesAX8lBVZz&edm=ALB854YBAAAA&ccb=7-4&oh=00_AT_y6ekvDc20MPyE89DPOhHJoi-PvnEsFCCXlC5VG24dcg&oe=61DC6155&_nc_sid=04cb80,3087759436,false,false,https://www.instagram.com/calum.walla/following/,2022-01-04T21:50:21.550Z
https://www.instagram.com/harsh_loey_,harsh_loey_,_ùìóùì™ùìªùìºùì±ùì≠ùìÆùìÆùìπ_25,https://scontent-cdt1-1.cdninstagram.com/v/t51.2885-19/s150x150/242744760_290951999160717_8762360193604991380_n.jpg?_nc_ht=scontent-cdt1-1.cdninstagram.com&_nc_cat=109&_nc_ohc=51K0YLyjuLEAX-sbeTN&edm=ALB854YBAAAA&ccb=7-4&oh=00_AT-c-_hOkRMzTBSXDwLJIQwTBWdt73b_0_aXCEceOG4Wxw&oe=61DBA734&_nc_sid=04cb80,46643747011,false,false,https://www.instagram.com/calum.walla/following/,2022-01-04T21:50:21.550Z
https://www.instagram.com/kholikovkhusein,kholikovkhusein,–•–æ–ª–∏–∫–æ–≤ –•—É—Å–µ–∏ÃÜ–Ω,https://scontent-cdt1-1.cdninstagram.com/v/t51.2885-19/s150x150/241736680_218245253516285_6783786583030643049_n.jpg?_nc_ht=scontent-cdt1-1.cdninstagram.com&_nc_cat=105&_nc_ohc=NQ4O1yJ9ZEkAX_XF9N8&edm=ALB854YBAAAA&ccb=7-4&oh=00_AT_qE7NW52rON_fkf1yY3Q8JwE4CszYCBUSS9tULSwxcMg&oe=61DC3709&_nc_sid=04cb80,6365261722,false,false,https://www.instagram.com/calum.walla/following/,2022-01-04T21:50:21.550Z
https://www.instagram.com/draydenrnicholls,draydenrnicholls,Drayden Nicholls,https://scontent-cdt1-1.cdninstagram.com/v/t51.2885-19/s150x150/196485715_790819021580649_8155331668710996799_n.jpg?_nc_ht=scontent-cdt1-1.cdninstagram.com&_nc_cat=109&_nc_ohc=PZU4LSAq_MkAX9j5-yK&edm=ALB854YBAAAA&ccb=7-4&oh=00_AT_K2_Hf76iIkerzzKtrosiuvyCSBvuOoANFCQpZy_IxHg&oe=61DC1A3A&_nc_sid=04cb80,3526882807,false,false,https://www.instagram.com/calum.walla/following/,2022-01-04T21:50:21.550Z
https://www.instagram.com/universalshopbagdim,universalshopbagdim,üÜÑüÖΩüÖ∏üÜÖüÖ¥üÜÅüÜÇüÖ∞üÖª üÜÇüÖ∑üÖæüÖø üÖ±üÖ∞üÖ∂üÖ≥üÖ∏üÖº,https://scontent-cdt1-1.cdninstagram.com/v/t51.2885-19/s150x150/200298377_1487913641546617_2312781568582539996_n.jpg?_nc_ht=scontent-cdt1-1.cdninstagram.com&_nc_cat=101&_nc_ohc=sgEXCEJTNxAAX8tgmXQ&edm=ALB854YBAAAA&ccb=7-4&oh=00_AT8r4Nq1BCHxVv5r4w_BpoIMbjJs_sJg918lTO5G4ous2Q&oe=61DB7883&_nc_sid=04cb80,1177229109,false,false,https://www.instagram.com/calum.walla/following/,2022-01-04T21:50:21.550Z
https://www.instagram.com/its_sachhu_991,its_sachhu_991,‡ºíüÖ¢üÖêüÖíüÖóüÖòüÖù‡ºí,https://scontent-cdg2-1.cdninstagram.com/v/t51.2885-19/s150x150/37317122_232492480725487_3839869636443111424_n.jpg?_nc_ht=scontent-cdg2-1.cdninstagram.com&_nc_cat=107&_nc_ohc=e9HPHIMj0ioAX_KLrWI&edm=ALB854YBAAAA&ccb=7-4&oh=00_AT9dCkk2LJ16dLo0iW02tFE7og8SnDPYD5s4AwU79Mt8MA&oe=61DB944E&_nc_sid=04cb80,8281936574,false,false,https://www.instagram.com/calum.walla/following/,2022-01-04T21:50:21.550Z
https://www.instagram.com/morellalenny71,morellalenny71,Morella,https://scontent-cdt1-1.cdninstagram.com/v/t51.2885-19/s150x150/222779877_358059082561671_6638805081749793436_n.jpg?_nc_ht=scontent-cdt1-1.cdninstagram.com&_nc_cat=103&_nc_ohc=doYmI4b8d5cAX-6DRhD&edm=ALB854YBAAAA&ccb=7-4&oh=00_AT-ULD7RdfaaHC2WCnE7vi6TkDhyethOi6c3Do5aFyu3TA&oe=61DBC857&_nc_sid=04cb80,1687259118,false,false,https://www.instagram.com/calum.walla/following/,2022-01-04T21:50:21.550Z
https://www.instagram.com/om.rathor.334,om.rathor.334,om rathor,https://scontent-cdg2-1.cdninstagram.com/v/t51.2885-19/s150x150/65300446_629424470899780_2288583068954394624_n.jpg?_nc_ht=scontent-cdg2-1.cdninstagram.com&_nc_cat=104&_nc_ohc=vBhjme5tsbIAX_N2ga_&edm=ALB854YBAAAA&ccb=7-4&oh=00_AT8EYdnoL0XwzxUJ7ByzhqLxMl7hQ0WnwnfI3atm65L02A&oe=61DB4AB3&_nc_sid=04cb80,5983075681,false,false,https://www.instagram.com/calum.walla/following/,2022-01-04T21:50:21.550Z
https://www.instagram.com/platondesignn,platondesignn,–ü–ª–∞—Ç–æ–Ω / –ú–æ—É—à–Ω –¥–∏–∑–∞–∏ÃÜ–Ω–µ—Ä,https://scontent-cdg2-1.cdninstagram.com/v/t51.2885-19/s150x150/270119219_1105285720277048_995528151973453618_n.jpg?_nc_ht=scontent-cdg2-1.cdninstagram.com&_nc_cat=108&_nc_ohc=wGNAGA6cWuoAX9bGZoe&edm=ALB854YBAAAA&ccb=7-4&oh=00_AT-eTHy8EcubEGoRwds_yvSDNZhIlWnWjXKkai_pswEm6w&oe=61DBBAAD&_nc_sid=04cb80,49120929353,false,false,https://www.instagram.com/calum.walla/following/,2022-01-04T21:50:21.550Z
https://www.instagram.com/mcclainmua,mcclainmua,McClain Makeup Artistry,https://scontent-cdt1-1.cdninstagram.com/v/t51.2885-19/s150x150/84157496_130059968434461_8370098692408999936_n.jpg?_nc_ht=scontent-cdt1-1.cdninstagram.com&_nc_cat=109&_nc_ohc=yZvlbsinTyMAX-Q97Zj&edm=ALB854YBAAAA&ccb=7-4&oh=00_AT_KTzRYABO1QpWt_GapeIuWWCfgO4XHJDaXyTquHO7dEA&oe=61DBDD55&_nc_sid=04cb80,7150961469,false,false,https://www.instagram.com/calum.walla/following/,2022-01-04T21:50:21.550Z
https://www.instagram.com/galina_kozlova_astrolog,galina_kozlova_astrolog,–î–∂–∏ÃÜ–æ—Ç–∏—à –ê—Å—Ç—Ä–æ–ª–æ–≥,https://scontent-cdg2-1.cdninstagram.com/v/t51.2885-19/s150x150/240638694_144768714483252_3648176179568723384_n.jpg?_nc_ht=scontent-cdg2-1.cdninstagram.com&_nc_cat=100&_nc_ohc=qaadovmWeMsAX8SqUJW&edm=ALB854YBAAAA&ccb=7-4&oh=00_AT_cOOS_srY8ZmJc0D-a0wJb5hfu7Dg5Brx5WSNRgDBM9w&oe=61DC90B3&_nc_sid=04cb80,6845890536,false,false,https://www.instagram.com/calum.walla/following/,2022-01-04T21:50:21.550Z
https://www.instagram.com/gg_easy_game,gg_easy_game,–ò–≥–æ—Ä—å –†—ã–∂–æ–≤,https://scontent-cdt1-1.cdninstagram.com/v/t51.2885-19/s150x150/209546029_338832547622986_1575427554041840131_n.jpg?_nc_ht=scontent-cdt1-1.cdninstagram.com&_nc_cat=110&_nc_ohc=7SFR4nbmjFcAX_CIGpO&edm=ALB854YBAAAA&ccb=7-4&oh=00_AT-wLgBeDITLa5mYZpgCj-_dOnsBLYXd8FueLr3BZl2kHg&oe=61DC30D0&_nc_sid=04cb80,4538176653,false,false,https://www.instagram.com/calum.walla/following/,2022-01-04T21:50:21.550Z
https://www.instagram.com/4wdslashtech,4wdslashtech,4WDSlash Technologies Limited,https://scontent-cdt1-1.cdninstagram.com/v/t51.2885-19/s150x150/175736346_909081949875949_6552200108846892320_n.jpg?_nc_ht=scontent-cdt1-1.cdninstagram.com&_nc_cat=101&_nc_ohc=wArEnOsqMOwAX_pg7kO&edm=ALB854YBAAAA&ccb=7-4&oh=00_AT8jeH_K3wc59O330QOSORRKEJY7Wz5jnCTx2emjmYcOyA&oe=61DBC38F&_nc_sid=04cb80,47222067960,false,false,https://www.instagram.com/calum.walla/following/,2022-01-04T21:50:21.550Z
https://www.instagram.com/marvin_laier94,marvin_laier94,Marvin Laier,https://scontent-cdt1-1.cdninstagram.com/v/t51.2885-19/s150x150/116007724_638603993678223_8843241605691152637_n.jpg?_nc_ht=scontent-cdt1-1.cdninstagram.com&_nc_cat=103&_nc_ohc=OivyKZcYkNEAX8RV6xB&edm=ALB854YBAAAA&ccb=7-4&oh=00_AT-isdNAucv6MkcVvkj_-s3_HJ8PPk1ahf1cgA-3hEjm3w&oe=61DC1F48&_nc_sid=04cb80,2312178920,false,false,https://www.instagram.com/calum.walla/following/,2022-01-04T21:50:21.550Z
https://www.instagram.com/world_islam_01,world_islam_01,World MUSLIMS,https://scontent-cdg2-1.cdninstagram.com/v/t51.2885-19/s150x150/241314189_243046657705694_5533594168517986470_n.jpg?_nc_ht=scontent-cdg2-1.cdninstagram.com&_nc_cat=102&_nc_ohc=TdBikOk_SzcAX-Ao65-&edm=ALB854YBAAAA&ccb=7-4&oh=00_AT9-aiIfAo1KwpTPzByuEq6fysjS1LFJLSAcpDGu-V0_Kw&oe=61DC3DEF&_nc_sid=04cb80,49686129315,false,false,https://www.instagram.com/calum.walla/following/,2022-01-04T21:50:21.550Z
https://www.instagram.com/watsonoliviaa,watsonoliviaa,,https://scontent-cdt1-1.cdninstagram.com/v/t51.2885-19/s150x150/241195181_323463549562781_6928376021219590999_n.jpg?_nc_ht=scontent-cdt1-1.cdninstagram.com&_nc_cat=105&_nc_ohc=R-is476PdtwAX9_THDD&edm=ALB854YBAAAA&ccb=7-4&oh=00_AT-3L5do-aNxwKcqMSTA_9Z--D9-RiDC51v6EhpwRWc-GQ&oe=61DAD3C6&_nc_sid=04cb80,48055204160,true,false,https://www.instagram.com/calum.walla/following/,2022-01-04T21:50:21.550Z
https://www.instagram.com/chuzhovian,chuzhovian,–ü–∞—Ä–∏–∫–º–∞—Ö–µ—Ä- –û–∫—Ç—è–±—Ä—å—Å–∫–∏–∏ÃÜ,https://scontent-cdg2-1.cdninstagram.com/v/t51.2885-19/s150x150/127288993_308321090234618_6604893340719160264_n.jpg?_nc_ht=scontent-cdg2-1.cdninstagram.com&_nc_cat=102&_nc_ohc=IuYKiZSGW6kAX-Heqll&edm=ALB854YBAAAA&ccb=7-4&oh=00_AT_-qKHK6vq_1UTOuypbcyJbM_JfeZI8Q_Q9ucba8oHCzQ&oe=61DC13AA&_nc_sid=04cb80,8949853323,false,false,https://www.instagram.com/calum.walla/following/,2022-01-04T21:50:21.550Z
https://www.instagram.com/sharipovafara,sharipovafara,Faramirasilova,https://scontent-cdt1-1.cdninstagram.com/v/t51.2885-19/s150x150/43765357_188314952066837_7628101946238304256_n.jpg?_nc_ht=scontent-cdt1-1.cdninstagram.com&_nc_cat=105&_nc_ohc=Wp-KlFkfkYcAX-UBjvJ&edm=ALB854YBAAAA&ccb=7-4&oh=00_AT9nPzn_kV5sY6XI_ELWXka2Myny43Tt2N1etPMZPNlBXw&oe=61DC0332&_nc_sid=04cb80,8018920275,true,false,https://www.instagram.com/calum.walla/following/,2022-01-04T21:50:21.550Z
https://www.instagram.com/mirkohagenau,mirkohagenau,Mirko Hagenau,https://scontent-cdg2-1.cdninstagram.com/v/t51.2885-19/s150x150/229078714_129784819337260_4871076915712994553_n.jpg?_nc_ht=scontent-cdg2-1.cdninstagram.com&_nc_cat=104&_nc_ohc=wKCLzxDEoFwAX9xXQPv&edm=ALB854YBAAAA&ccb=7-4&oh=00_AT8kNFgpYLmua-nnRiUS5ua3_hSX3Qn_5K1Joxkb8Lu_lQ&oe=61DACED1&_nc_sid=04cb80,4453722986,true,false,https://www.instagram.com/calum.walla/following/,2022-01-04T21:50:21.550Z
https://www.instagram.com/meatmebln,meatmebln,MeatMe,https://scontent-cdt1-1.cdninstagram.com/v/t51.2885-19/s150x150/239607542_1004053030427242_7156737868548610838_n.jpg?_nc_ht=scontent-cdt1-1.cdninstagram.com&_nc_cat=110&_nc_ohc=bovDBX2lEVQAX9zGC-f&edm=ALB854YBAAAA&ccb=7-4&oh=00_AT_P_gEJVGZKkuYgjYR3ZpB746C0F5VaE29JsgkM_pRWpA&oe=61DBA6C4&_nc_sid=04cb80,49262642433,false,false,https://www.instagram.com/calum.walla/following/,2022-01-04T21:50:21.550Z
https://www.instagram.com/v_antonovvv,v_antonovvv,–í–µ–Ω–∏–∞–º–∏–Ω –í–∞–¥–∏–º–æ–≤–∏—á,https://scontent-cdt1-1.cdninstagram.com/v/t51.2885-19/s150x150/240593979_559075612206378_1677719903091749050_n.jpg?_nc_ht=scontent-cdt1-1.cdninstagram.com&_nc_cat=106&_nc_ohc=PKvv1pxz2RgAX_EOax_&edm=ALB854YBAAAA&ccb=7-4&oh=00_AT_RbYLDc4YtsiFyGPRhEkXTvlWPpvqsbUCdi8xFKiOyLw&oe=61DC9075&_nc_sid=04cb80,2153909759,true,false,https://www.instagram.com/calum.walla/following/,2022-01-04T21:50:21.550Z
https://www.instagram.com/elizabethxckl,elizabethxckl,elisabeth ‚ô°,https://scontent-cdt1-1.cdninstagram.com/v/t51.2885-19/s150x150/270293600_1896701654084561_1159784774657214891_n.jpg?_nc_ht=scontent-cdt1-1.cdninstagram.com&_nc_cat=105&_nc_ohc=h09lxkSYqU4AX9sB6J1&edm=ALB854YBAAAA&ccb=7-4&oh=00_AT9Rh1Jlg3HLmm0Iw4Jt0xcDVfpV5Rw7Mc_6enCFdqDdcg&oe=61DB30B2&_nc_sid=04cb80,1563783320,true,false,https://www.instagram.com/calum.walla/following/,2022-01-04T21:50:21.550Z
https://www.instagram.com/dcdh_toto,dcdh_toto,„Å≤„Å®„Åø,https://scontent-cdg2-1.cdninstagram.com/v/t51.2885-19/s150x150/240479566_275304330673447_2526390924635140195_n.jpg?_nc_ht=scontent-cdg2-1.cdninstagram.com&_nc_cat=107&_nc_ohc=LgFQc0DSxYoAX-EtHRo&edm=ALB854YBAAAA&ccb=7-4&oh=00_AT8jZD7gxlL6xZp8upyon2uD4puClzDoVwGnjyweowW5oA&oe=61DC0424&_nc_sid=04cb80,49071049242,false,false,https://www.instagram.com/calum.walla/following/,2022-01-04T21:50:21.550Z
https://www.instagram.com/social_weap,social_weap,socialweap,https://scontent-cdg2-1.cdninstagram.com/v/t51.2885-19/s150x150/240646459_223419132935772_8251132266566365790_n.jpg?_nc_ht=scontent-cdg2-1.cdninstagram.com&_nc_cat=100&_nc_ohc=rJjk3JlR4CoAX-aCxu4&edm=ALB854YBAAAA&ccb=7-4&oh=00_AT_rNeCEIrV1-mfIy6f8advDAkvhRUbaQKDxU9kyH20M_w&oe=61DAFB15&_nc_sid=04cb80,49440946815,false,false,https://www.instagram.com/calum.walla/following/,2022-01-04T21:50:21.550Z
https://www.instagram.com/bysharm_hm,bysharm_hm,–ê–Ω–∞—Å—Ç–∞—Å–∏—è,https://scontent-cdg2-1.cdninstagram.com/v/t51.2885-19/s150x150/241789949_3125140937768342_8497257868114996749_n.jpg?_nc_ht=scontent-cdg2-1.cdninstagram.com&_nc_cat=102&_nc_ohc=jc215wT_lt0AX8Pe0cU&edm=ALB854YBAAAA&ccb=7-4&oh=00_AT-7BOeGHzHc6-wTpB78d28zp2Qa5RrrS1ZHaN1X519GVw&oe=61DB3024&_nc_sid=04cb80,49343593715,false,false,https://www.instagram.com/calum.walla/following/,2022-01-04T21:50:21.550Z
https://www.instagram.com/479.edgar,479.edgar,Edgar Hernandez,https://scontent-cdt1-1.cdninstagram.com/v/t51.2885-19/s150x150/234509343_938233640371882_5235395703514218455_n.jpg?_nc_ht=scontent-cdt1-1.cdninstagram.com&_nc_cat=110&_nc_ohc=yjIYoqaGQ2YAX_nvY6U&edm=ALB854YBAAAA&ccb=7-4&oh=00_AT_OGzhuPnWf5ZYZkHiETImt7BgvICsMz8yxzoNxN6IVIw&oe=61DBDEF5&_nc_sid=04cb80,32208553132,true,false,https://www.instagram.com/calum.walla/following/,2022-01-04T21:50:21.550Z
https://www.instagram.com/officialfootballdesired,officialfootballdesired,,https://scontent-cdg2-1.cdninstagram.com/v/t51.2885-19/s150x150/209976626_1443454609340459_1199955644953241292_n.jpg?_nc_ht=scontent-cdg2-1.cdninstagram.com&_nc_cat=111&_nc_ohc=yhIsRIydUr8AX-pU97Q&edm=ALB854YBAAAA&ccb=7-4&oh=00_AT-Oiz9ip4L9vXslVtF79C3Ld57qJpaMYMAasR555cJL0w&oe=61DB74C0&_nc_sid=04cb80,48732745717,false,false,https://www.instagram.com/calum.walla/following/,2022-01-04T21:50:21.550Z
https://www.instagram.com/danielghazal,danielghazal,DANIEL GHAZALü¶å,https://scontent-cdt1-1.cdninstagram.com/v/t51.2885-19/s150x150/267677159_1092649844881054_2025710381091900285_n.jpg?_nc_ht=scontent-cdt1-1.cdninstagram.com&_nc_cat=110&_nc_ohc=bksxpliWzIgAX_R1MDJ&edm=ALB854YBAAAA&ccb=7-4&oh=00_AT8cn3O__e3A21O__jvZioUw1x6vGusyovgHFx4Oq_Dg1g&oe=61DB506D&_nc_sid=04cb80,1701765614,false,false,https://www.instagram.com/calum.walla/following/,2022-01-04T21:50:21.550Z
https://www.instagram.com/ll_mr_yashhh_47_ll,ll_mr_yashhh_47_ll,ùïêùî∏ùïä‚Ñç ùïãùî∏‚Ñùùîπùî∏ùîªùî∏ üñ§,https://scontent-cdg2-1.cdninstagram.com/v/t51.2885-19/s150x150/258252918_187417146912436_5705737196277729930_n.jpg?_nc_ht=scontent-cdg2-1.cdninstagram.com&_nc_cat=104&_nc_ohc=-Xhv1YFVYvEAX-x24t_&edm=ALB854YBAAAA&ccb=7-4&oh=00_AT8eQOFkq9bSGW62JHd7iLAHOo8zHqKmgDtvTu7rYeG8Wg&oe=61DBF2D3&_nc_sid=04cb80,14928580497,false,false,https://www.instagram.com/calum.walla/following/,2022-01-04T21:50:21.550Z
https://www.instagram.com/aleksovvn,aleksovvn,–ê–õ–ï–ö–°–ï–òÃÜ –ê–õ–ï–ö–°–ê–ù–î–†–û–í üìà,https://scontent-cdg2-1.cdninstagram.com/v/t51.2885-19/s150x150/241469117_237482508165672_8557764266233294941_n.jpg?_nc_ht=scontent-cdg2-1.cdninstagram.com&_nc_cat=100&_nc_ohc=lFG42lhr7xAAX8f2TCE&edm=ALB854YBAAAA&ccb=7-4&oh=00_AT_Pwc7dGAcEgke-zzS82Ehg8oPD9PMlH6-dO9vRsTbYbQ&oe=61DC6FA9&_nc_sid=04cb80,14951083801,false,false,https://www.instagram.com/calum.walla/following/,2022-01-04T21:50:21.550Z
https://www.instagram.com/bmw_f36_m,bmw_f36_m,Karacocuk,https://scontent-cdt1-1.cdninstagram.com/v/t51.2885-19/s150x150/244699764_591073725669153_771384456970795634_n.jpg?_nc_ht=scontent-cdt1-1.cdninstagram.com&_nc_cat=109&_nc_ohc=SiptsU2P9c4AX-hNKfx&edm=ALB854YBAAAA&ccb=7-4&oh=00_AT9819OUNMCANepUgTwVGWoV5wh04xleiJJ3WfsthDMa6A&oe=61DBC6DC&_nc_sid=04cb80,49473275303,false,false,https://www.instagram.com/calum.walla/following/,2022-01-04T21:50:21.550Z
https://www.instagram.com/magictaro.obrydy,magictaro.obrydy,–ú–ê–°–¢–ï–† –û–ë–†–Ø–î–û–í –ò –ì–ê–î–ê–ù–ò–òÃÜ,https://scontent-cdt1-1.cdninstagram.com/v/t51.2885-19/s150x150/241492269_605159477318677_4979112038253525289_n.jpg?_nc_ht=scontent-cdt1-1.cdninstagram.com&_nc_cat=101&_nc_ohc=EXbjfzBXWBEAX_sXA9Y&edm=ALB854YBAAAA&ccb=7-4&oh=00_AT-NflXi7lknT_z1BbvZN8wHsavWoC6sp7ugvxZC5zrGyQ&oe=61DB4243&_nc_sid=04cb80,49268399825,false,false,https://www.instagram.com/calum.walla/following/,2022-01-04T21:50:21.550Z
https://www.instagram.com/ali_elz_,ali_elz_,Ali Elzein,https://scontent-cdg2-1.cdninstagram.com/v/t51.2885-19/s150x150/124044584_850324959069779_5166909227059798937_n.jpg?_nc_ht=scontent-cdg2-1.cdninstagram.com&_nc_cat=111&_nc_ohc=CdThMXm7WbQAX92SBss&edm=ALB854YBAAAA&ccb=7-4&oh=00_AT_ugLpOfMT7ONhqEyceTpNRTe8nAm5QfHjDGT_iEn9Ffg&oe=61DC6204&_nc_sid=04cb80,1523929892,true,false,https://www.instagram.com/calum.walla/following/,2022-01-04T21:50:21.550Z
https://www.instagram.com/wbest__,wbest__,–õ–£–ß–®–ò–ï –¢–û–í–ê–†–´ WILDBERRIES üíú,https://scontent-cdg2-1.cdninstagram.com/v/t51.2885-19/s150x150/264169718_687497839322095_248703734708559987_n.jpg?_nc_ht=scontent-cdg2-1.cdninstagram.com&_nc_cat=107&_nc_ohc=kLa4hOPnQD8AX8nSLLF&edm=ALB854YBAAAA&ccb=7-4&oh=00_AT_ypWWRhAn-aRJ8_HnBm8ABA9OCbLlxZs_8QOMmzpAdkg&oe=61DC0955&_nc_sid=04cb80,45997949189,false,false,https://www.instagram.com/calum.walla/following/,2022-01-04T21:50:21.550Z
https://www.instagram.com/kg_adik_05_ik,kg_adik_05_ik,‚ù§Ô∏èüîíüêª,https://scontent-cdt1-1.cdninstagram.com/v/t51.2885-19/s150x150/269946485_638799173918685_6631791612438899139_n.jpg?_nc_ht=scontent-cdt1-1.cdninstagram.com&_nc_cat=109&_nc_ohc=H398_cEGWGUAX8duqGX&edm=ALB854YBAAAA&ccb=7-4&oh=00_AT8ia_bmWcqz7OUINNuLaJ8BZ2zjzJpktO7dj4DiTpri0w&oe=61DCA19F&_nc_sid=04cb80,45011202310,false,false,https://www.instagram.com/calum.walla/following/,2022-01-04T21:50:21.550Z
https://www.instagram.com/turkishdreamconsultancy,turkishdreamconsultancy,TDC ⁄Øÿ±ŸàŸá ŸÖÿ¥ÿßŸàÿ±ÿßŸÜ,https://scontent-cdt1-1.cdninstagram.com/v/t51.2885-19/s150x150/242872896_941411653254826_1605597623017491698_n.jpg?_nc_ht=scontent-cdt1-1.cdninstagram.com&_nc_cat=110&_nc_ohc=KJM3QGN2jYQAX_jFFLI&edm=ALB854YBAAAA&ccb=7-4&oh=00_AT_Emvvv7LYCjmIX4I1NExYc4wP2iB8Ch6SPe4LoKwsEQA&oe=61DBC59F&_nc_sid=04cb80,49340913222,false,false,https://www.instagram.com/calum.walla/following/,2022-01-04T21:50:21.550Z
https://www.instagram.com/anoukikakashvili,anoukikakashvili,Anouki kak,https://scontent-cdg2-1.cdninstagram.com/v/t51.2885-19/s150x150/241448100_1517134975286507_7226352492469265547_n.jpg?_nc_ht=scontent-cdg2-1.cdninstagram.com&_nc_cat=111&_nc_ohc=YEkHLG5waIwAX_GsDwN&edm=ALB854YBAAAA&ccb=7-4&oh=00_AT-WL6HAFqnB_F-X_dfLFOwes-1UOy1xFdcQolh8Bq61WA&oe=61DAD15F&_nc_sid=04cb80,49311379381,false,false,https://www.instagram.com/calum.walla/following/,2022-01-04T21:50:21.550Z
https://www.instagram.com/irena_sun_shine,irena_sun_shine,–ò—Ä–∏–Ω–∞  –ü—Å–∏—Ö–æ–ª–æ–≥ - —Ç–µ—Ä–∞–ø–µ–≤—Ç –¢–í–£,https://scontent-cdt1-1.cdninstagram.com/v/t51.2885-19/s150x150/270125274_286242050149453_4974858289493069173_n.jpg?_nc_ht=scontent-cdt1-1.cdninstagram.com&_nc_cat=101&_nc_ohc=Vt4BkjsOUrgAX-B3rvD&edm=ALB854YBAAAA&ccb=7-4&oh=00_AT-ZW0IoIlsC_gCdehmQWFqkbU8Xxq_SahP0i-iy06lZNw&oe=61DC4617&_nc_sid=04cb80,5622621781,false,false,https://www.instagram.com/calum.walla/following/,2022-01-04T21:50:21.550Z
https://www.instagram.com/martin.sommerville,martin.sommerville,Martin,https://scontent-cdt1-1.cdninstagram.com/v/t51.2885-19/s150x150/242176451_222770703204246_1121993674815634100_n.jpg?_nc_ht=scontent-cdt1-1.cdninstagram.com&_nc_cat=106&_nc_ohc=A6JmHMhBCmYAX_vpeY3&edm=ALB854YBAAAA&ccb=7-4&oh=00_AT-D6P5ov7xsnzWw_3E2F0AundNAlvjKQQK1bl1E_IlIAg&oe=61DBCC3E&_nc_sid=04cb80,5949433102,false,false,https://www.instagram.com/calum.walla/following/,2022-01-04T21:50:21.550Z
https://www.instagram.com/muhiddin_mansurkulov,muhiddin_mansurkulov,üá∏üáÆüá≠üá∫üá∫üáø,https://scontent-cdt1-1.cdninstagram.com/v/t51.2885-19/s150x150/244624329_3054865568085450_1831826913583271359_n.jpg?_nc_ht=scontent-cdt1-1.cdninstagram.com&_nc_cat=106&_nc_ohc=0eDU14NvxpgAX9i0Dzm&edm=ALB854YBAAAA&ccb=7-4&oh=00_AT8006NEJSzXqOhhm-3HgCF96GAWN_b85YjRzs0ajjHBWw&oe=61DC64E5&_nc_sid=04cb80,32552087208,false,false,https://www.instagram.com/calum.walla/following/,2022-01-04T21:50:21.550Z
https://www.instagram.com/said.muhriddin,said.muhriddin,Saidmuhriddin Nasriddinov,https://scontent-cdg2-1.cdninstagram.com/v/t51.2885-19/s150x150/241475103_406715507533247_4497342908512772593_n.jpg?_nc_ht=scontent-cdg2-1.cdninstagram.com&_nc_cat=111&_nc_ohc=crimMgB3EoAAX8pv0cK&edm=ALB854YBAAAA&ccb=7-4&oh=00_AT9jtmR0LqVTaETMnD0tWZyjNdLxasQhqAyi0oLddPpRYw&oe=61DC719C&_nc_sid=04cb80,36755407032,false,false,https://www.instagram.com/calum.walla/following/,2022-01-04T21:50:21.550Z
https://www.instagram.com/_shinju_danji_,_shinju_danji_,·Ñã·Öµ·Ñâ·Öµ·Ü´·Ñå·ÖÆ,https://scontent-cdt1-1.cdninstagram.com/v/t51.2885-19/s150x150/224184677_365657418286853_4622559585752456325_n.jpg?_nc_ht=scontent-cdt1-1.cdninstagram.com&_nc_cat=105&_nc_ohc=Y7CC4jKWObYAX8hmdgA&edm=ALB854YBAAAA&ccb=7-4&oh=00_AT8f5cwwAseipL9CNzeAeZ65EMBHqelFdmLuidsW-w8TIw&oe=61DBFDC9&_nc_sid=04cb80,48204860154,false,false,https://www.instagram.com/calum.walla/following/,2022-01-04T21:50:21.550Z
https://www.instagram.com/_wood_glass_rus,_wood_glass_rus,–ö–∞—Ä—Ç–∏–Ω—ã –Ω–∞ –¥–µ—Ä–µ–≤–µ –∏ —Å—Ç–µ–∫–ª–µüñºÔ∏è,https://scontent-cdt1-1.cdninstagram.com/v/t51.2885-19/s150x150/240185705_1451287205253958_5329928865091834042_n.jpg?_nc_ht=scontent-cdt1-1.cdninstagram.com&_nc_cat=110&_nc_ohc=MiOd_Qb_vz4AX8_LidZ&edm=ALB854YBAAAA&ccb=7-4&oh=00_AT-pp8UOSo3u1c-s4m7WPrxfEF3KrcPUNkfX7IpnL6fBFA&oe=61DAE27C&_nc_sid=04cb80,48933732242,false,false,https://www.instagram.com/calum.walla/following/,2022-01-04T21:50:21.550Z
https://www.instagram.com/jejedesign_academy,jejedesign_academy,·Ñí·Ö°·Ü∏·Ñå·Ö•·Üº·ÑÉ·ÖÆ·Ñë·Öµ·ÑÜ·ÖÆ·Ü´·Ñâ·Öµ·Ü´ ·Ñâ·Ö•·Ñã·ÖÆ·ÜØ·ÑÉ·ÖÆ·Ñë·Öµ·ÑÜ·ÖÆ·Ü´·Ñâ·Öµ·Ü´ ·Ñå·Ö¶·Ñå·Ö¶·ÑÉ·Öµ·Ñå·Ö°·Ñã·Öµ·Ü´SMP,https://scontent-cdt1-1.cdninstagram.com/v/t51.2885-19/s150x150/145761492_246144150220702_7162416015921323789_n.jpg?_nc_ht=scontent-cdt1-1.cdninstagram.com&_nc_cat=110&_nc_ohc=WWVGvqhWgNAAX_axQvF&edm=ALB854YBAAAA&ccb=7-4&oh=00_AT_WsL9HV2V_GU0rRV194d_qsQ1oHLBORMQsR69i6Vx-pg&oe=61DC9324&_nc_sid=04cb80,45495937543,false,false,https://www.instagram.com/calum.walla/following/,2022-01-04T21:50:21.550Z